[Thu Feb 27 14:17:08.835403 2025] [ssl:warn] [pid 27008:tid 400] AH01909: www.example.com:443:0 server certificate does NOT include an ID which matches the server name
[Thu Feb 27 14:17:08.913314 2025] [ssl:warn] [pid 27008:tid 400] AH01909: www.example.com:443:0 server certificate does NOT include an ID which matches the server name
[Thu Feb 27 14:17:08.969365 2025] [mpm_winnt:notice] [pid 27008:tid 400] AH00455: Apache/2.4.58 (Win64) OpenSSL/3.1.3 PHP/8.0.30 configured -- resuming normal operations
[Thu Feb 27 14:17:08.969365 2025] [mpm_winnt:notice] [pid 27008:tid 400] AH00456: Apache Lounge VS17 Server built: Oct 18 2023 13:03:18
[Thu Feb 27 14:17:08.969365 2025] [core:notice] [pid 27008:tid 400] AH00094: Command line: 'C:\\xampp\\apache\\bin\\httpd.exe -d C:/xampp/apache'
[Thu Feb 27 14:17:08.975371 2025] [mpm_winnt:notice] [pid 27008:tid 400] AH00418: Parent: Created child process 21764
[Thu Feb 27 14:17:09.643571 2025] [ssl:warn] [pid 21764:tid 428] AH01909: www.example.com:443:0 server certificate does NOT include an ID which matches the server name
[Thu Feb 27 14:17:09.726483 2025] [ssl:warn] [pid 21764:tid 428] AH01909: www.example.com:443:0 server certificate does NOT include an ID which matches the server name
[Thu Feb 27 14:17:09.764027 2025] [mpm_winnt:notice] [pid 21764:tid 428] AH00354: Child: Starting 150 worker threads.
[Thu Feb 27 14:29:05.576900 2025] [ssl:warn] [pid 7572:tid 448] AH01909: www.example.com:443:0 server certificate does NOT include an ID which matches the server name
[Thu Feb 27 14:29:05.630951 2025] [ssl:warn] [pid 7572:tid 448] AH01909: www.example.com:443:0 server certificate does NOT include an ID which matches the server name
[Thu Feb 27 14:29:05.659890 2025] [mpm_winnt:notice] [pid 7572:tid 448] AH00455: Apache/2.4.58 (Win64) OpenSSL/3.1.3 PHP/8.0.30 configured -- resuming normal operations
[Thu Feb 27 14:29:05.659890 2025] [mpm_winnt:notice] [pid 7572:tid 448] AH00456: Apache Lounge VS17 Server built: Oct 18 2023 13:03:18
[Thu Feb 27 14:29:05.659890 2025] [core:notice] [pid 7572:tid 448] AH00094: Command line: 'c:\\users\\user\\desktop\\gymprojekt\\xampp\\apache\\bin\\httpd.exe -d C:/Users/user/Desktop/GymProjekt/xampp/apache'
[Thu Feb 27 14:29:05.662886 2025] [mpm_winnt:notice] [pid 7572:tid 448] AH00418: Parent: Created child process 22976
[Thu Feb 27 14:29:06.063890 2025] [ssl:warn] [pid 22976:tid 444] AH01909: www.example.com:443:0 server certificate does NOT include an ID which matches the server name
[Thu Feb 27 14:29:06.112898 2025] [ssl:warn] [pid 22976:tid 444] AH01909: www.example.com:443:0 server certificate does NOT include an ID which matches the server name
[Thu Feb 27 14:29:06.137893 2025] [mpm_winnt:notice] [pid 22976:tid 444] AH00354: Child: Starting 150 worker threads.
[Thu Feb 27 14:31:18.022288 2025] [php:warn] [pid 22976:tid 1860] [client ::1:52056] PHP Warning:  mysqli::__construct(): (HY000/1049): Unknown database 'gymdb' in C:\\Users\\user\\Desktop\\GymProjekt\\xampp\\htdocs\\projekt\\db.php on line 8, referer: http://localhost/projekt/index.php
[Thu Feb 27 14:47:16.676635 2025] [php:error] [pid 22976:tid 1836] [client ::1:53222] PHP Fatal error:  Uncaught Error: Call to a member function bind_param() on bool in C:\\Users\\user\\Desktop\\GymProjekt\\xampp\\htdocs\\projekt\\members.php:21\nStack trace:\n#0 {main}\n  thrown in C:\\Users\\user\\Desktop\\GymProjekt\\xampp\\htdocs\\projekt\\members.php on line 21, referer: http://localhost/projekt/members.php
[Tue Mar 04 09:22:27.159992 2025] [ssl:warn] [pid 14868:tid 456] AH01909: www.example.com:443:0 server certificate does NOT include an ID which matches the server name
[Tue Mar 04 09:22:27.203870 2025] [core:warn] [pid 14868:tid 456] AH00098: pid file C:/Users/Felhasznalo3/Desktop/GymProjekt/xampp/apache/logs/httpd.pid overwritten -- Unclean shutdown of previous Apache run?
[Tue Mar 04 09:22:27.206869 2025] [ssl:warn] [pid 14868:tid 456] AH01909: www.example.com:443:0 server certificate does NOT include an ID which matches the server name
[Tue Mar 04 09:22:27.631219 2025] [mpm_winnt:notice] [pid 14868:tid 456] AH00455: Apache/2.4.58 (Win64) OpenSSL/3.1.3 PHP/8.0.30 configured -- resuming normal operations
[Tue Mar 04 09:22:27.631219 2025] [mpm_winnt:notice] [pid 14868:tid 456] AH00456: Apache Lounge VS17 Server built: Oct 18 2023 13:03:18
[Tue Mar 04 09:22:27.631219 2025] [core:notice] [pid 14868:tid 456] AH00094: Command line: 'c:\\users\\felhasznalo3\\desktop\\gymprojekt\\xampp\\apache\\bin\\httpd.exe -d C:/Users/Felhasznalo3/Desktop/GymProjekt/xampp/apache'
[Tue Mar 04 09:22:27.642213 2025] [mpm_winnt:notice] [pid 14868:tid 456] AH00418: Parent: Created child process 11560
[Tue Mar 04 09:22:28.349504 2025] [ssl:warn] [pid 11560:tid 464] AH01909: www.example.com:443:0 server certificate does NOT include an ID which matches the server name
[Tue Mar 04 09:22:28.392175 2025] [ssl:warn] [pid 11560:tid 464] AH01909: www.example.com:443:0 server certificate does NOT include an ID which matches the server name
[Tue Mar 04 09:22:28.420349 2025] [mpm_winnt:notice] [pid 11560:tid 464] AH00354: Child: Starting 150 worker threads.
[Tue Mar 04 11:42:22.973386 2025] [php:error] [pid 11560:tid 1888] [client ::1:53807] script 'C:/Users/Felhasznalo3/Desktop/GymProjekt/xampp/htdocs/projekt/profile.php' not found or unable to stat, referer: http://localhost/projekt/index.php
[Wed Mar 05 09:55:29.535152 2025] [ssl:warn] [pid 15032:tid 452] AH01909: www.example.com:443:0 server certificate does NOT include an ID which matches the server name
[Wed Mar 05 09:55:29.579622 2025] [core:warn] [pid 15032:tid 452] AH00098: pid file C:/Users/Felhasznalo3/Desktop/GymProjekt/xampp/apache/logs/httpd.pid overwritten -- Unclean shutdown of previous Apache run?
[Wed Mar 05 09:55:29.582620 2025] [ssl:warn] [pid 15032:tid 452] AH01909: www.example.com:443:0 server certificate does NOT include an ID which matches the server name
[Wed Mar 05 09:55:30.024789 2025] [mpm_winnt:notice] [pid 15032:tid 452] AH00455: Apache/2.4.58 (Win64) OpenSSL/3.1.3 PHP/8.0.30 configured -- resuming normal operations
[Wed Mar 05 09:55:30.024789 2025] [mpm_winnt:notice] [pid 15032:tid 452] AH00456: Apache Lounge VS17 Server built: Oct 18 2023 13:03:18
[Wed Mar 05 09:55:30.024789 2025] [core:notice] [pid 15032:tid 452] AH00094: Command line: 'apache\\bin\\httpd.exe -d C:/Users/Felhasznalo3/Desktop/GymProjekt/xampp/apache -f conf\\httpd.conf'
[Wed Mar 05 09:55:30.035914 2025] [mpm_winnt:notice] [pid 15032:tid 452] AH00418: Parent: Created child process 13476
Apache server shutdown initiated...
sl:warn] [pid 13476:tid 456] AH01909: www.example.com:443:0 server certificate does NOT include an ID which matches the server name
[Wed Mar 05 09:55:30.743211 2025] [ssl:warn] [pid 13476:tid 456] AH01909: www.example.com:443:0 server certificate does NOT include an ID which matches the server name
[Wed Mar 05 09:55:30.770921 2025] [mpm_winnt:notice] [pid 13476:tid 456] AH00354: Child: Starting 150 worker threads.
[Wed Mar 05 09:55:33.065614 2025] [mpm_winnt:notice] [pid 15032:tid 452] AH00422: Parent: Received shutdown signal -- Shutting down the server.
[Wed Mar 05 09:55:35.079878 2025] [mpm_winnt:notice] [pid 13476:tid 456] AH00364: Child: All worker threads have exited.
[Wed Mar 05 09:55:35.134208 2025] [mpm_winnt:notice] [pid 15032:tid 452] AH00430: Parent: Child process 13476 exited successfully.
[Wed Mar 05 09:55:43.492850 2025] [ssl:warn] [pid 9620:tid 424] AH01909: www.example.com:443:0 server certificate does NOT include an ID which matches the server name
[Wed Mar 05 09:55:43.533136 2025] [ssl:warn] [pid 9620:tid 424] AH01909: www.example.com:443:0 server certificate does NOT include an ID which matches the server name
[Wed Mar 05 09:55:43.914853 2025] [mpm_winnt:notice] [pid 9620:tid 424] AH00455: Apache/2.4.58 (Win64) OpenSSL/3.1.3 PHP/8.0.30 configured -- resuming normal operations
[Wed Mar 05 09:55:43.914853 2025] [mpm_winnt:notice] [pid 9620:tid 424] AH00456: Apache Lounge VS17 Server built: Oct 18 2023 13:03:18
[Wed Mar 05 09:55:43.914853 2025] [core:notice] [pid 9620:tid 424] AH00094: Command line: 'c:\\users\\felhasznalo3\\desktop\\gymprojekt\\xampp\\apache\\bin\\httpd.exe -d C:/Users/Felhasznalo3/Desktop/GymProjekt/xampp/apache'
[Wed Mar 05 09:55:43.921818 2025] [mpm_winnt:notice] [pid 9620:tid 424] AH00418: Parent: Created child process 9144
[Wed Mar 05 09:55:44.586505 2025] [ssl:warn] [pid 9144:tid 428] AH01909: www.example.com:443:0 server certificate does NOT include an ID which matches the server name
[Wed Mar 05 09:55:44.623980 2025] [ssl:warn] [pid 9144:tid 428] AH01909: www.example.com:443:0 server certificate does NOT include an ID which matches the server name
[Wed Mar 05 09:55:44.649950 2025] [mpm_winnt:notice] [pid 9144:tid 428] AH00354: Child: Starting 150 worker threads.
[Wed Mar 05 10:15:55.997981 2025] [php:warn] [pid 9144:tid 1832] [client ::1:65327] PHP Warning:  Attempt to read property "num_rows" on bool in C:\\Users\\Felhasznalo3\\Desktop\\GymProjekt\\xampp\\htdocs\\projekt\\profile.php on line 48, referer: http://localhost/projekt/index.php
[Wed Mar 05 11:44:13.780444 2025] [php:warn] [pid 9144:tid 1836] [client ::1:54651] PHP Warning:  Undefined variable $login_link in C:\\Users\\Felhasznalo3\\Desktop\\GymProjekt\\xampp\\htdocs\\projekt\\profile.php on line 57, referer: http://localhost/projekt/index.php
[Wed Mar 05 11:44:13.780444 2025] [php:warn] [pid 9144:tid 1836] [client ::1:54651] PHP Warning:  Undefined variable $login_text in C:\\Users\\Felhasznalo3\\Desktop\\GymProjekt\\xampp\\htdocs\\projekt\\profile.php on line 57, referer: http://localhost/projekt/index.php
[Wed Mar 05 12:26:57.119079 2025] [php:warn] [pid 9144:tid 1860] [client ::1:56726] PHP Warning:  Undefined variable $login_link in C:\\Users\\Felhasznalo3\\Desktop\\GymProjekt\\xampp\\htdocs\\projekt\\login.php on line 47, referer: http://localhost/projekt/index.php
[Wed Mar 05 12:26:57.119079 2025] [php:warn] [pid 9144:tid 1860] [client ::1:56726] PHP Warning:  Undefined variable $login_text in C:\\Users\\Felhasznalo3\\Desktop\\GymProjekt\\xampp\\htdocs\\projekt\\login.php on line 47, referer: http://localhost/projekt/index.php
[Wed Mar 05 12:35:46.211327 2025] [php:warn] [pid 9144:tid 1860] [client ::1:57135] PHP Warning:  Undefined variable $login_link in C:\\Users\\Felhasznalo3\\Desktop\\GymProjekt\\xampp\\htdocs\\projekt\\register.php on line 61, referer: http://localhost/projekt/login.php
[Wed Mar 05 12:35:46.211327 2025] [php:warn] [pid 9144:tid 1860] [client ::1:57135] PHP Warning:  Undefined variable $login_text in C:\\Users\\Felhasznalo3\\Desktop\\GymProjekt\\xampp\\htdocs\\projekt\\register.php on line 61, referer: http://localhost/projekt/login.php
[Tue Mar 11 09:45:44.197005 2025] [ssl:warn] [pid 1600:tid 424] AH01909: www.example.com:443:0 server certificate does NOT include an ID which matches the server name
[Tue Mar 11 09:45:44.237255 2025] [core:warn] [pid 1600:tid 424] AH00098: pid file C:/Users/Felhasznalo3/Desktop/GymProjekt/xampp/apache/logs/httpd.pid overwritten -- Unclean shutdown of previous Apache run?
[Tue Mar 11 09:45:44.239255 2025] [ssl:warn] [pid 1600:tid 424] AH01909: www.example.com:443:0 server certificate does NOT include an ID which matches the server name
[Tue Mar 11 09:45:44.700328 2025] [mpm_winnt:notice] [pid 1600:tid 424] AH00455: Apache/2.4.58 (Win64) OpenSSL/3.1.3 PHP/8.0.30 configured -- resuming normal operations
[Tue Mar 11 09:45:44.700328 2025] [mpm_winnt:notice] [pid 1600:tid 424] AH00456: Apache Lounge VS17 Server built: Oct 18 2023 13:03:18
[Tue Mar 11 09:45:44.700328 2025] [core:notice] [pid 1600:tid 424] AH00094: Command line: 'apache\\bin\\httpd.exe -d C:/Users/Felhasznalo3/Desktop/GymProjekt/xampp/apache -f conf\\httpd.conf'
[Tue Mar 11 09:45:44.708412 2025] [mpm_winnt:notice] [pid 1600:tid 424] AH00418: Parent: Created child process 13176
Apache server shutdown initiated...
[Tue Mar 11 09:45:45.256615 2025] [ssl:warn] [pid 13176:tid 452] AH01909: www.example.com:443:0 server certificate does NOT include an ID which matches the server name
[Tue Mar 11 09:45:45.294974 2025] [ssl:warn] [pid 13176:tid 452] AH01909: www.example.com:443:0 server certificate does NOT include an ID which matches the server name
[Tue Mar 11 09:45:45.320999 2025] [mpm_winnt:notice] [pid 1600:tid 424] AH00422: Parent: Received shutdown signal -- Shutting down the server.
[Tue Mar 11 09:45:45.322014 2025] [mpm_winnt:notice] [pid 13176:tid 452] AH00354: Child: Starting 150 worker threads.
[Tue Mar 11 09:45:45.326105 2025] [mpm_winnt:error] [pid 13176:tid 528] (OS 10038)Mûvelet végrehajtására történt kísérlet valamin, ami nem szoftvercsatorna.  : AH00332: winnt_accept: getsockname error on listening socket, is IPv6 available?
[Tue Mar 11 09:45:45.326105 2025] [mpm_winnt:error] [pid 13176:tid 560] (OS 10038)Mûvelet végrehajtására történt kísérlet valamin, ami nem szoftvercsatorna.  : AH00332: winnt_accept: getsockname error on listening socket, is IPv6 available?
[Tue Mar 11 09:45:45.326105 2025] [mpm_winnt:error] [pid 13176:tid 516] (OS 10038)Mûvelet végrehajtására történt kísérlet valamin, ami nem szoftvercsatorna.  : AH00332: winnt_accept: getsockname error on listening socket, is IPv6 available?
[Tue Mar 11 09:45:45.326105 2025] [mpm_winnt:error] [pid 13176:tid 488] (OS 10038)Mûvelet végrehajtására történt kísérlet valamin, ami nem szoftvercsatorna.  : AH00332: winnt_accept: getsockname error on listening socket, is IPv6 available?
[Tue Mar 11 09:45:47.338932 2025] [mpm_winnt:notice] [pid 13176:tid 452] AH00364: Child: All worker threads have exited.
[Tue Mar 11 09:45:47.361233 2025] [mpm_winnt:notice] [pid 1600:tid 424] AH00430: Parent: Child process 13176 exited successfully.
[Tue Mar 11 09:45:56.001067 2025] [ssl:warn] [pid 15384:tid 472] AH01909: www.example.com:443:0 server certificate does NOT include an ID which matches the server name
[Tue Mar 11 09:45:56.043030 2025] [ssl:warn] [pid 15384:tid 472] AH01909: www.example.com:443:0 server certificate does NOT include an ID which matches the server name
[Tue Mar 11 09:45:56.066433 2025] [mpm_winnt:notice] [pid 15384:tid 472] AH00455: Apache/2.4.58 (Win64) OpenSSL/3.1.3 PHP/8.0.30 configured -- resuming normal operations
[Tue Mar 11 09:45:56.066433 2025] [mpm_winnt:notice] [pid 15384:tid 472] AH00456: Apache Lounge VS17 Server built: Oct 18 2023 13:03:18
[Tue Mar 11 09:45:56.066433 2025] [core:notice] [pid 15384:tid 472] AH00094: Command line: 'c:\\users\\felhasznalo3\\desktop\\gymprojekt\\xampp\\apache\\bin\\httpd.exe -d C:/Users/Felhasznalo3/Desktop/GymProjekt/xampp/apache'
[Tue Mar 11 09:45:56.073428 2025] [mpm_winnt:notice] [pid 15384:tid 472] AH00418: Parent: Created child process 8216
[Tue Mar 11 09:45:56.609377 2025] [ssl:warn] [pid 8216:tid 428] AH01909: www.example.com:443:0 server certificate does NOT include an ID which matches the server name
[Tue Mar 11 09:45:56.647149 2025] [ssl:warn] [pid 8216:tid 428] AH01909: www.example.com:443:0 server certificate does NOT include an ID which matches the server name
[Tue Mar 11 09:45:56.671394 2025] [mpm_winnt:notice] [pid 8216:tid 428] AH00354: Child: Starting 150 worker threads.
[Tue Mar 11 10:33:54.652994 2025] [php:error] [pid 8216:tid 1832] [client ::1:63599] PHP Fatal error:  Uncaught Error: Call to a member function bind_param() on bool in C:\\Users\\Felhasznalo3\\Desktop\\GymProjekt\\xampp\\htdocs\\projekt\\add.php:24\nStack trace:\n#0 {main}\n  thrown in C:\\Users\\Felhasznalo3\\Desktop\\GymProjekt\\xampp\\htdocs\\projekt\\add.php on line 24, referer: http://localhost/projekt/add.php
[Tue Mar 11 12:37:28.833709 2025] [php:error] [pid 8216:tid 1828] [client ::1:52721] PHP Fatal error:  Uncaught Error: Call to a member function fetch_assoc() on bool in C:\\Users\\Felhasznalo3\\Desktop\\GymProjekt\\xampp\\htdocs\\projekt\\gyms.php:23\nStack trace:\n#0 {main}\n  thrown in C:\\Users\\Felhasznalo3\\Desktop\\GymProjekt\\xampp\\htdocs\\projekt\\gyms.php on line 23, referer: http://localhost/projekt/index.php
[Tue Mar 11 12:39:44.998307 2025] [php:error] [pid 8216:tid 1844] [client ::1:52819] PHP Fatal error:  Uncaught Error: Call to a member function fetch_assoc() on bool in C:\\Users\\Felhasznalo3\\Desktop\\GymProjekt\\xampp\\htdocs\\projekt\\gyms.php:23\nStack trace:\n#0 {main}\n  thrown in C:\\Users\\Felhasznalo3\\Desktop\\GymProjekt\\xampp\\htdocs\\projekt\\gyms.php on line 23, referer: http://localhost/projekt/index.php
[Tue Mar 11 12:39:56.919866 2025] [php:error] [pid 8216:tid 1828] [client ::1:52820] PHP Fatal error:  Uncaught Error: Call to a member function fetch_assoc() on bool in C:\\Users\\Felhasznalo3\\Desktop\\GymProjekt\\xampp\\htdocs\\projekt\\gyms.php:23\nStack trace:\n#0 {main}\n  thrown in C:\\Users\\Felhasznalo3\\Desktop\\GymProjekt\\xampp\\htdocs\\projekt\\gyms.php on line 23, referer: http://localhost/projekt/index.php
[Tue Mar 11 12:45:36.092960 2025] [ssl:warn] [pid 18200:tid 424] AH01909: www.example.com:443:0 server certificate does NOT include an ID which matches the server name
[Tue Mar 11 12:45:36.208418 2025] [core:warn] [pid 18200:tid 424] AH00098: pid file C:/Users/Felhasznalo3/Desktop/GymProjekt/xampp/apache/logs/httpd.pid overwritten -- Unclean shutdown of previous Apache run?
[Tue Mar 11 12:45:36.211419 2025] [ssl:warn] [pid 18200:tid 424] AH01909: www.example.com:443:0 server certificate does NOT include an ID which matches the server name
[Tue Mar 11 12:45:36.737096 2025] [mpm_winnt:notice] [pid 18200:tid 424] AH00455: Apache/2.4.58 (Win64) OpenSSL/3.1.3 PHP/8.0.30 configured -- resuming normal operations
[Tue Mar 11 12:45:36.737096 2025] [mpm_winnt:notice] [pid 18200:tid 424] AH00456: Apache Lounge VS17 Server built: Oct 18 2023 13:03:18
[Tue Mar 11 12:45:36.737096 2025] [core:notice] [pid 18200:tid 424] AH00094: Command line: 'c:\\users\\felhasznalo3\\desktop\\gymprojekt\\xampp\\apache\\bin\\httpd.exe -d C:/Users/Felhasznalo3/Desktop/GymProjekt/xampp/apache'
[Tue Mar 11 12:45:36.786169 2025] [mpm_winnt:notice] [pid 18200:tid 424] AH00418: Parent: Created child process 17276
[Tue Mar 11 12:45:37.455015 2025] [ssl:warn] [pid 17276:tid 428] AH01909: www.example.com:443:0 server certificate does NOT include an ID which matches the server name
[Tue Mar 11 12:45:37.542026 2025] [ssl:warn] [pid 17276:tid 428] AH01909: www.example.com:443:0 server certificate does NOT include an ID which matches the server name
[Tue Mar 11 12:45:37.568239 2025] [mpm_winnt:notice] [pid 17276:tid 428] AH00354: Child: Starting 150 worker threads.
[Tue Mar 11 13:16:22.248012 2025] [php:warn] [pid 17276:tid 1836] [client ::1:54629] PHP Warning:  Undefined variable $login_link in C:\\Users\\Felhasznalo3\\Desktop\\GymProjekt\\xampp\\htdocs\\projekt\\gyms.php on line 32, referer: http://localhost/projekt/index.php
[Tue Mar 11 13:16:22.249014 2025] [php:warn] [pid 17276:tid 1836] [client ::1:54629] PHP Warning:  Undefined variable $login_text in C:\\Users\\Felhasznalo3\\Desktop\\GymProjekt\\xampp\\htdocs\\projekt\\gyms.php on line 32, referer: http://localhost/projekt/index.php
[Tue Mar 11 13:29:11.633939 2025] [php:warn] [pid 17276:tid 1852] [client ::1:55317] PHP Warning:  Undefined array key "user_id" in C:\\Users\\Felhasznalo3\\Desktop\\GymProjekt\\xampp\\htdocs\\projekt\\purchase_membership.php on line 28, referer: http://localhost/projekt/purchase_membership.php?gym_id=GYM67d01bdb2af4c
[Wed Mar 12 11:00:41.446562 2025] [ssl:warn] [pid 7352:tid 460] AH01909: www.example.com:443:0 server certificate does NOT include an ID which matches the server name
[Wed Mar 12 11:00:41.497533 2025] [core:warn] [pid 7352:tid 460] AH00098: pid file C:/Users/Rendszergazda/Desktop/xampp/apache/logs/httpd.pid overwritten -- Unclean shutdown of previous Apache run?
[Wed Mar 12 11:00:41.501531 2025] [ssl:warn] [pid 7352:tid 460] AH01909: www.example.com:443:0 server certificate does NOT include an ID which matches the server name
[Wed Mar 12 11:00:42.044906 2025] [mpm_winnt:notice] [pid 7352:tid 460] AH00455: Apache/2.4.58 (Win64) OpenSSL/3.1.3 PHP/8.0.30 configured -- resuming normal operations
[Wed Mar 12 11:00:42.045905 2025] [mpm_winnt:notice] [pid 7352:tid 460] AH00456: Apache Lounge VS17 Server built: Oct 18 2023 13:03:18
[Wed Mar 12 11:00:42.045905 2025] [core:notice] [pid 7352:tid 460] AH00094: Command line: 'apache\\bin\\httpd.exe -d C:/Users/Rendszergazda/Desktop/xampp/apache -f conf\\httpd.conf'
[Wed Mar 12 11:00:42.049903 2025] [mpm_winnt:notice] [pid 7352:tid 460] AH00418: Parent: Created child process 16268
Apache server shutdown initiated...
sl:warn] [pid 16268:tid 456] AH01909: www.example.com:443:0 server certificate does NOT include an ID which matches the server name
[Wed Mar 12 11:00:42.546618 2025] [ssl:warn] [pid 16268:tid 456] AH01909: www.example.com:443:0 server certificate does NOT include an ID which matches the server name
[Wed Mar 12 11:00:42.571603 2025] [mpm_winnt:notice] [pid 16268:tid 456] AH00354: Child: Starting 150 worker threads.
[Wed Mar 12 11:00:47.200373 2025] [mpm_winnt:notice] [pid 7352:tid 460] AH00422: Parent: Received shutdown signal -- Shutting down the server.
[Wed Mar 12 11:00:49.223132 2025] [mpm_winnt:notice] [pid 16268:tid 456] AH00364: Child: All worker threads have exited.
[Wed Mar 12 11:00:49.267107 2025] [mpm_winnt:notice] [pid 7352:tid 460] AH00430: Parent: Child process 16268 exited successfully.
[Wed Mar 12 11:01:03.150578 2025] [ssl:warn] [pid 9464:tid 476] AH01909: www.example.com:443:0 server certificate does NOT include an ID which matches the server name
[Wed Mar 12 11:01:03.190555 2025] [ssl:warn] [pid 9464:tid 476] AH01909: www.example.com:443:0 server certificate does NOT include an ID which matches the server name
[Wed Mar 12 11:01:03.213541 2025] [mpm_winnt:notice] [pid 9464:tid 476] AH00455: Apache/2.4.58 (Win64) OpenSSL/3.1.3 PHP/8.0.30 configured -- resuming normal operations
[Wed Mar 12 11:01:03.213541 2025] [mpm_winnt:notice] [pid 9464:tid 476] AH00456: Apache Lounge VS17 Server built: Oct 18 2023 13:03:18
[Wed Mar 12 11:01:03.213541 2025] [core:notice] [pid 9464:tid 476] AH00094: Command line: 'c:\\users\\rendszergazda\\desktop\\xampp\\apache\\bin\\httpd.exe -d C:/Users/Rendszergazda/Desktop/xampp/apache'
[Wed Mar 12 11:01:03.217539 2025] [mpm_winnt:notice] [pid 9464:tid 476] AH00418: Parent: Created child process 10060
[Wed Mar 12 11:01:03.665283 2025] [ssl:warn] [pid 10060:tid 456] AH01909: www.example.com:443:0 server certificate does NOT include an ID which matches the server name
[Wed Mar 12 11:01:03.703261 2025] [ssl:warn] [pid 10060:tid 456] AH01909: www.example.com:443:0 server certificate does NOT include an ID which matches the server name
[Wed Mar 12 11:01:03.726248 2025] [mpm_winnt:notice] [pid 10060:tid 456] AH00354: Child: Starting 150 worker threads.
[Wed Mar 12 11:21:44.703841 2025] [php:error] [pid 10060:tid 1880] [client ::1:55660] PHP Fatal error:  Uncaught Error: Call to a member function bind_param() on bool in C:\\Users\\Rendszergazda\\Desktop\\xampp\\htdocs\\projekt\\view_gym.php:28\nStack trace:\n#0 {main}\n  thrown in C:\\Users\\Rendszergazda\\Desktop\\xampp\\htdocs\\projekt\\view_gym.php on line 28, referer: http://localhost/projekt/gyms.php
[Wed Mar 12 11:21:55.304735 2025] [php:error] [pid 10060:tid 1880] [client ::1:55660] PHP Fatal error:  Uncaught Error: Call to a member function bind_param() on bool in C:\\Users\\Rendszergazda\\Desktop\\xampp\\htdocs\\projekt\\view_gym.php:28\nStack trace:\n#0 {main}\n  thrown in C:\\Users\\Rendszergazda\\Desktop\\xampp\\htdocs\\projekt\\view_gym.php on line 28, referer: http://localhost/projekt/gyms.php
[Wed Mar 12 12:11:01.054365 2025] [ssl:warn] [pid 3528:tid 424] AH01909: www.example.com:443:0 server certificate does NOT include an ID which matches the server name
[Wed Mar 12 12:11:01.093776 2025] [core:warn] [pid 3528:tid 424] AH00098: pid file C:/Users/Felhasznalo3/Desktop/GymProjekt/xampp/apache/logs/httpd.pid overwritten -- Unclean shutdown of previous Apache run?
[Wed Mar 12 12:11:01.096892 2025] [ssl:warn] [pid 3528:tid 424] AH01909: www.example.com:443:0 server certificate does NOT include an ID which matches the server name
[Wed Mar 12 12:11:01.121087 2025] [mpm_winnt:notice] [pid 3528:tid 424] AH00455: Apache/2.4.58 (Win64) OpenSSL/3.1.3 PHP/8.0.30 configured -- resuming normal operations
[Wed Mar 12 12:11:01.121087 2025] [mpm_winnt:notice] [pid 3528:tid 424] AH00456: Apache Lounge VS17 Server built: Oct 18 2023 13:03:18
[Wed Mar 12 12:11:01.121087 2025] [core:notice] [pid 3528:tid 424] AH00094: Command line: 'c:\\users\\felhasznalo3\\desktop\\gymprojekt\\xampp\\apache\\bin\\httpd.exe -d C:/Users/Felhasznalo3/Desktop/GymProjekt/xampp/apache'
[Wed Mar 12 12:11:01.128282 2025] [mpm_winnt:notice] [pid 3528:tid 424] AH00418: Parent: Created child process 13084
[Wed Mar 12 12:11:01.674359 2025] [ssl:warn] [pid 13084:tid 428] AH01909: www.example.com:443:0 server certificate does NOT include an ID which matches the server name
[Wed Mar 12 12:11:01.713981 2025] [ssl:warn] [pid 13084:tid 428] AH01909: www.example.com:443:0 server certificate does NOT include an ID which matches the server name
[Wed Mar 12 12:11:01.738434 2025] [mpm_winnt:notice] [pid 13084:tid 428] AH00354: Child: Starting 150 worker threads.
[Fri Mar 14 10:33:03.141663 2025] [ssl:warn] [pid 12924:tid 424] AH01909: www.example.com:443:0 server certificate does NOT include an ID which matches the server name
[Fri Mar 14 10:33:03.182049 2025] [core:warn] [pid 12924:tid 424] AH00098: pid file C:/Users/Felhasznalo3/Desktop/GymProjekt/xampp/apache/logs/httpd.pid overwritten -- Unclean shutdown of previous Apache run?
[Fri Mar 14 10:33:03.185046 2025] [ssl:warn] [pid 12924:tid 424] AH01909: www.example.com:443:0 server certificate does NOT include an ID which matches the server name
[Fri Mar 14 10:33:03.651248 2025] [mpm_winnt:notice] [pid 12924:tid 424] AH00455: Apache/2.4.58 (Win64) OpenSSL/3.1.3 PHP/8.0.30 configured -- resuming normal operations
[Fri Mar 14 10:33:03.651248 2025] [mpm_winnt:notice] [pid 12924:tid 424] AH00456: Apache Lounge VS17 Server built: Oct 18 2023 13:03:18
[Fri Mar 14 10:33:03.651248 2025] [core:notice] [pid 12924:tid 424] AH00094: Command line: 'c:\\users\\felhasznalo3\\desktop\\gymprojekt\\xampp\\apache\\bin\\httpd.exe -d C:/Users/Felhasznalo3/Desktop/GymProjekt/xampp/apache'
[Fri Mar 14 10:33:03.658346 2025] [mpm_winnt:notice] [pid 12924:tid 424] AH00418: Parent: Created child process 7452
[Fri Mar 14 10:33:04.276994 2025] [ssl:warn] [pid 7452:tid 460] AH01909: www.example.com:443:0 server certificate does NOT include an ID which matches the server name
[Fri Mar 14 10:33:04.315549 2025] [ssl:warn] [pid 7452:tid 460] AH01909: www.example.com:443:0 server certificate does NOT include an ID which matches the server name
[Fri Mar 14 10:33:04.340675 2025] [mpm_winnt:notice] [pid 7452:tid 460] AH00354: Child: Starting 150 worker threads.
[Fri Mar 14 10:34:54.832302 2025] [php:warn] [pid 7452:tid 1876] [client ::1:51447] PHP Warning:  Undefined array key "user_id" in C:\\Users\\Felhasznalo3\\Desktop\\GymProjekt\\xampp\\htdocs\\projekt\\purchase_membership.php on line 28, referer: http://localhost/projekt/purchase_membership.php?gym_id=GYM67d015d4be3d0
[Fri Mar 14 10:38:22.497826 2025] [php:warn] [pid 7452:tid 1880] [client ::1:51974] PHP Warning:  Undefined array key "user_id" in C:\\Users\\Felhasznalo3\\Desktop\\GymProjekt\\xampp\\htdocs\\projekt\\purchase_membership.php on line 28, referer: http://localhost/projekt/purchase_membership.php?gym_id=GYM67d01bdb2af4c
[Fri Mar 14 10:38:22.500197 2025] [php:error] [pid 7452:tid 1880] [client ::1:51974] PHP Fatal error:  Uncaught Error: Call to a member function bind_param() on bool in C:\\Users\\Felhasznalo3\\Desktop\\GymProjekt\\xampp\\htdocs\\projekt\\purchase_membership.php:39\nStack trace:\n#0 {main}\n  thrown in C:\\Users\\Felhasznalo3\\Desktop\\GymProjekt\\xampp\\htdocs\\projekt\\purchase_membership.php on line 39, referer: http://localhost/projekt/purchase_membership.php?gym_id=GYM67d01bdb2af4c
[Fri Mar 14 10:43:17.089606 2025] [php:warn] [pid 7452:tid 1876] [client ::1:52211] PHP Warning:  Undefined array key "user_id" in C:\\Users\\Felhasznalo3\\Desktop\\GymProjekt\\xampp\\htdocs\\projekt\\purchase_membership.php on line 28, referer: http://localhost/projekt/purchase_membership.php?gym_id=GYM67d01bdb2af4c
[Fri Mar 14 10:43:57.083943 2025] [php:warn] [pid 7452:tid 1880] [client ::1:52222] PHP Warning:  Undefined array key "user_id" in C:\\Users\\Felhasznalo3\\Desktop\\GymProjekt\\xampp\\htdocs\\projekt\\purchase_membership.php on line 28, referer: http://localhost/projekt/purchase_membership.php?gym_id=GYM67d01bdb2af4c
[Fri Mar 14 10:52:26.889119 2025] [php:warn] [pid 7452:tid 1868] [client ::1:52682] PHP Warning:  Undefined array key "user_id" in C:\\Users\\Felhasznalo3\\Desktop\\GymProjekt\\xampp\\htdocs\\projekt\\purchase_membership.php on line 28, referer: http://localhost/projekt/purchase_membership.php?gym_id=GYM67d01bdb2af4c
[Fri Mar 14 10:57:54.472911 2025] [php:warn] [pid 7452:tid 1864] [client ::1:52963] PHP Warning:  Attempt to read property "num_rows" on bool in C:\\Users\\Felhasznalo3\\Desktop\\GymProjekt\\xampp\\htdocs\\projekt\\profile.php on line 28, referer: http://localhost/projekt/profile.php
[Fri Mar 14 10:57:57.221783 2025] [php:warn] [pid 7452:tid 1864] [client ::1:52963] PHP Warning:  Attempt to read property "num_rows" on bool in C:\\Users\\Felhasznalo3\\Desktop\\GymProjekt\\xampp\\htdocs\\projekt\\profile.php on line 28, referer: http://localhost/projekt/profile.php?gym_id=GYM67d01bdb2af4c
[Fri Mar 14 10:58:29.401263 2025] [php:warn] [pid 7452:tid 1868] [client ::1:52978] PHP Warning:  Attempt to read property "num_rows" on bool in C:\\Users\\Felhasznalo3\\Desktop\\GymProjekt\\xampp\\htdocs\\projekt\\profile.php on line 28, referer: http://localhost/projekt/profile.php
[Fri Mar 14 10:58:30.839299 2025] [php:warn] [pid 7452:tid 1868] [client ::1:52978] PHP Warning:  Attempt to read property "num_rows" on bool in C:\\Users\\Felhasznalo3\\Desktop\\GymProjekt\\xampp\\htdocs\\projekt\\profile.php on line 28, referer: http://localhost/projekt/profile.php?gym_id=GYM67d004f95ac68
[Fri Mar 14 10:58:31.242149 2025] [php:warn] [pid 7452:tid 1868] [client ::1:52978] PHP Warning:  Attempt to read property "num_rows" on bool in C:\\Users\\Felhasznalo3\\Desktop\\GymProjekt\\xampp\\htdocs\\projekt\\profile.php on line 28, referer: http://localhost/projekt/profile.php?gym_id=GYM67d01bdb2af4c
[Thu Apr 10 21:02:45.925008 2025] [ssl:warn] [pid 10136:tid 464] AH01909: www.example.com:443:0 server certificate does NOT include an ID which matches the server name
[Thu Apr 10 21:02:46.031061 2025] [core:warn] [pid 10136:tid 464] AH00098: pid file C:/Users/user/Desktop/GymProjekt/xampp/apache/logs/httpd.pid overwritten -- Unclean shutdown of previous Apache run?
[Thu Apr 10 21:02:46.034063 2025] [ssl:warn] [pid 10136:tid 464] AH01909: www.example.com:443:0 server certificate does NOT include an ID which matches the server name
[Thu Apr 10 21:02:46.055083 2025] [mpm_winnt:notice] [pid 10136:tid 464] AH00455: Apache/2.4.58 (Win64) OpenSSL/3.1.3 PHP/8.0.30 configured -- resuming normal operations
[Thu Apr 10 21:02:46.055083 2025] [mpm_winnt:notice] [pid 10136:tid 464] AH00456: Apache Lounge VS17 Server built: Oct 18 2023 13:03:18
[Thu Apr 10 21:02:46.055083 2025] [core:notice] [pid 10136:tid 464] AH00094: Command line: 'c:\\users\\user\\desktop\\gymprojekt\\xampp\\apache\\bin\\httpd.exe -d C:/Users/user/Desktop/GymProjekt/xampp/apache'
[Thu Apr 10 21:02:46.058085 2025] [mpm_winnt:notice] [pid 10136:tid 464] AH00418: Parent: Created child process 20576
[Thu Apr 10 21:02:46.478252 2025] [ssl:warn] [pid 20576:tid 456] AH01909: www.example.com:443:0 server certificate does NOT include an ID which matches the server name
[Thu Apr 10 21:02:46.529423 2025] [ssl:warn] [pid 20576:tid 456] AH01909: www.example.com:443:0 server certificate does NOT include an ID which matches the server name
[Thu Apr 10 21:02:46.552444 2025] [mpm_winnt:notice] [pid 20576:tid 456] AH00354: Child: Starting 150 worker threads.
[Thu Apr 10 21:05:03.397890 2025] [mpm_winnt:crit] [pid 20576:tid 456] AH02538: Child: Parent process exited abruptly. Child process is ending
[Wed Apr 16 16:17:50.987911 2025] [ssl:warn] [pid 17020:tid 440] AH01909: www.example.com:443:0 server certificate does NOT include an ID which matches the server name
[Wed Apr 16 16:17:51.042259 2025] [core:warn] [pid 17020:tid 440] AH00098: pid file C:/Users/user/Desktop/GymProjekt/xampp/apache/logs/httpd.pid overwritten -- Unclean shutdown of previous Apache run?
[Wed Apr 16 16:17:51.045276 2025] [ssl:warn] [pid 17020:tid 440] AH01909: www.example.com:443:0 server certificate does NOT include an ID which matches the server name
[Wed Apr 16 16:17:51.555260 2025] [mpm_winnt:notice] [pid 17020:tid 440] AH00455: Apache/2.4.58 (Win64) OpenSSL/3.1.3 PHP/8.0.30 configured -- resuming normal operations
[Wed Apr 16 16:17:51.555260 2025] [mpm_winnt:notice] [pid 17020:tid 440] AH00456: Apache Lounge VS17 Server built: Oct 18 2023 13:03:18
[Wed Apr 16 16:17:51.555260 2025] [core:notice] [pid 17020:tid 440] AH00094: Command line: 'c:\\users\\user\\desktop\\gymprojekt\\xampp\\apache\\bin\\httpd.exe -d C:/Users/user/Desktop/GymProjekt/xampp/apache'
[Wed Apr 16 16:17:51.559265 2025] [mpm_winnt:notice] [pid 17020:tid 440] AH00418: Parent: Created child process 9112
[Wed Apr 16 16:17:51.998467 2025] [ssl:warn] [pid 9112:tid 436] AH01909: www.example.com:443:0 server certificate does NOT include an ID which matches the server name
[Wed Apr 16 16:17:52.051676 2025] [ssl:warn] [pid 9112:tid 436] AH01909: www.example.com:443:0 server certificate does NOT include an ID which matches the server name
[Wed Apr 16 16:17:52.078864 2025] [mpm_winnt:notice] [pid 9112:tid 436] AH00354: Child: Starting 150 worker threads.
[Wed Apr 16 16:19:45.793223 2025] [php:warn] [pid 9112:tid 1860] [client ::1:63708] PHP Warning:  Attempt to read property "num_rows" on bool in C:\\Users\\user\\Desktop\\GymProjekt\\xampp\\htdocs\\projekt\\profile.php on line 28, referer: http://localhost/projekt/profile.php
[Wed Apr 16 16:46:03.778416 2025] [php:error] [pid 9112:tid 1868] [client ::1:64765] script 'C:/Users/user/Desktop/GymProjekt/xampp/htdocs/projekt/owner_register.php' not found or unable to stat, referer: http://localhost/projekt/register.php
[Wed Apr 16 18:16:59.972670 2025] [php:warn] [pid 9112:tid 1860] [client ::1:52407] PHP Warning:  Undefined array key "user_type" in C:\\Users\\user\\Desktop\\GymProjekt\\xampp\\htdocs\\projekt\\login.php on line 21, referer: http://localhost/projekt/login.php
[Fri Apr 18 13:05:33.487522 2025] [ssl:warn] [pid 180:tid 472] AH01909: www.example.com:443:0 server certificate does NOT include an ID which matches the server name
[Fri Apr 18 13:05:33.538575 2025] [core:warn] [pid 180:tid 472] AH00098: pid file C:/Users/user/Desktop/GymProjekt/xampp/apache/logs/httpd.pid overwritten -- Unclean shutdown of previous Apache run?
[Fri Apr 18 13:05:33.541579 2025] [ssl:warn] [pid 180:tid 472] AH01909: www.example.com:443:0 server certificate does NOT include an ID which matches the server name
[Fri Apr 18 13:05:33.933029 2025] [mpm_winnt:notice] [pid 180:tid 472] AH00455: Apache/2.4.58 (Win64) OpenSSL/3.1.3 PHP/8.0.30 configured -- resuming normal operations
[Fri Apr 18 13:05:33.933029 2025] [mpm_winnt:notice] [pid 180:tid 472] AH00456: Apache Lounge VS17 Server built: Oct 18 2023 13:03:18
[Fri Apr 18 13:05:33.933029 2025] [core:notice] [pid 180:tid 472] AH00094: Command line: 'c:\\users\\user\\desktop\\gymprojekt\\xampp\\apache\\bin\\httpd.exe -d C:/Users/user/Desktop/GymProjekt/xampp/apache'
[Fri Apr 18 13:05:33.936032 2025] [mpm_winnt:notice] [pid 180:tid 472] AH00418: Parent: Created child process 12776
[Fri Apr 18 13:05:34.322201 2025] [ssl:warn] [pid 12776:tid 428] AH01909: www.example.com:443:0 server certificate does NOT include an ID which matches the server name
[Fri Apr 18 13:05:34.372247 2025] [ssl:warn] [pid 12776:tid 428] AH01909: www.example.com:443:0 server certificate does NOT include an ID which matches the server name
[Fri Apr 18 13:05:34.396268 2025] [mpm_winnt:notice] [pid 12776:tid 428] AH00354: Child: Starting 150 worker threads.
[Fri Apr 18 13:34:47.820153 2025] [php:error] [pid 12776:tid 1868] [client ::1:62308] script 'C:/Users/user/Desktop/GymProjekt/xampp/htdocs/projekt/edit_gym.php' not found or unable to stat, referer: http://localhost/projekt/owner_dashboard.php
[Fri Apr 18 15:57:46.379472 2025] [php:error] [pid 12776:tid 1840] [client ::1:52233] script 'C:/Users/user/Desktop/GymProjekt/xampp/htdocs/projekt/view_trainer.php' not found or unable to stat, referer: http://localhost/projekt/owner_dashboard.php
[Fri Apr 18 16:06:14.532567 2025] [php:warn] [pid 12776:tid 1840] [client ::1:52490] PHP Warning:  Undefined array key "gym_id" in C:\\Users\\user\\Desktop\\GymProjekt\\xampp\\htdocs\\projekt\\view_trainer.php on line 95, referer: http://localhost/projekt/view_trainer.php?trainer_id=T68025ba956444
[Fri Apr 18 16:06:14.532567 2025] [php:warn] [pid 12776:tid 1840] [client ::1:52490] PHP Warning:  Undefined array key "gym_id" in C:\\Users\\user\\Desktop\\GymProjekt\\xampp\\htdocs\\projekt\\view_trainer.php on line 95, referer: http://localhost/projekt/view_trainer.php?trainer_id=T68025ba956444
[Fri Apr 18 16:06:14.533568 2025] [php:warn] [pid 12776:tid 1840] [client ::1:52490] PHP Warning:  Undefined array key "gym_id" in C:\\Users\\user\\Desktop\\GymProjekt\\xampp\\htdocs\\projekt\\view_trainer.php on line 95, referer: http://localhost/projekt/view_trainer.php?trainer_id=T68025ba956444
[Fri Apr 18 16:06:14.533568 2025] [php:warn] [pid 12776:tid 1840] [client ::1:52490] PHP Warning:  Undefined array key "gym_id" in C:\\Users\\user\\Desktop\\GymProjekt\\xampp\\htdocs\\projekt\\view_trainer.php on line 95, referer: http://localhost/projekt/view_trainer.php?trainer_id=T68025ba956444
[Fri Apr 18 16:06:14.533568 2025] [php:warn] [pid 12776:tid 1840] [client ::1:52490] PHP Warning:  Undefined array key "gym_id" in C:\\Users\\user\\Desktop\\GymProjekt\\xampp\\htdocs\\projekt\\view_trainer.php on line 95, referer: http://localhost/projekt/view_trainer.php?trainer_id=T68025ba956444
[Fri Apr 18 16:10:27.672304 2025] [php:error] [pid 12776:tid 1840] [client ::1:52619] PHP Fatal error:  Uncaught ArgumentCountError: mysqli_stmt::execute() expects exactly 0 arguments, 1 given in C:\\Users\\user\\Desktop\\GymProjekt\\xampp\\htdocs\\projekt\\delete_trainer.php:28\nStack trace:\n#0 C:\\Users\\user\\Desktop\\GymProjekt\\xampp\\htdocs\\projekt\\delete_trainer.php(28): mysqli_stmt->execute(Array)\n#1 {main}\n  thrown in C:\\Users\\user\\Desktop\\GymProjekt\\xampp\\htdocs\\projekt\\delete_trainer.php on line 28, referer: http://localhost/projekt/view_trainer.php?trainer_id=T68025d49944c3
[Wed Apr 23 15:11:23.515760 2025] [ssl:warn] [pid 13180:tid 448] AH01909: www.example.com:443:0 server certificate does NOT include an ID which matches the server name
[Wed Apr 23 15:11:23.565097 2025] [core:warn] [pid 13180:tid 448] AH00098: pid file C:/Users/user/Desktop/GymProjekt/xampp/apache/logs/httpd.pid overwritten -- Unclean shutdown of previous Apache run?
[Wed Apr 23 15:11:23.568100 2025] [ssl:warn] [pid 13180:tid 448] AH01909: www.example.com:443:0 server certificate does NOT include an ID which matches the server name
[Wed Apr 23 15:11:23.970956 2025] [mpm_winnt:notice] [pid 13180:tid 448] AH00455: Apache/2.4.58 (Win64) OpenSSL/3.1.3 PHP/8.0.30 configured -- resuming normal operations
[Wed Apr 23 15:11:23.971957 2025] [mpm_winnt:notice] [pid 13180:tid 448] AH00456: Apache Lounge VS17 Server built: Oct 18 2023 13:03:18
[Wed Apr 23 15:11:23.971957 2025] [core:notice] [pid 13180:tid 448] AH00094: Command line: 'c:\\users\\user\\desktop\\gymprojekt\\xampp\\apache\\bin\\httpd.exe -d C:/Users/user/Desktop/GymProjekt/xampp/apache'
[Wed Apr 23 15:11:23.973959 2025] [mpm_winnt:notice] [pid 13180:tid 448] AH00418: Parent: Created child process 12964
[Wed Apr 23 15:11:24.377162 2025] [ssl:warn] [pid 12964:tid 456] AH01909: www.example.com:443:0 server certificate does NOT include an ID which matches the server name
[Wed Apr 23 15:11:24.426957 2025] [ssl:warn] [pid 12964:tid 456] AH01909: www.example.com:443:0 server certificate does NOT include an ID which matches the server name
[Wed Apr 23 15:11:24.451979 2025] [mpm_winnt:notice] [pid 12964:tid 456] AH00354: Child: Starting 150 worker threads.
[Wed Apr 23 15:56:46.486874 2025] [php:error] [pid 12964:tid 1876] [client ::1:54254] script 'C:/Users/user/Desktop/GymProjekt/xampp/htdocs/projekt/fetch_gyms.php' not found or unable to stat, referer: http://localhost/projekt/owner_dashboard.php
[Wed Apr 23 16:01:19.474720 2025] [php:error] [pid 12964:tid 1876] [client ::1:54368] script 'C:/Users/user/Desktop/GymProjekt/xampp/htdocs/projekt/fetch_gyms.php' not found or unable to stat, referer: http://localhost/projekt/owner_dashboard.php
[Wed Apr 23 17:00:16.482781 2025] [php:warn] [pid 12964:tid 1872] [client ::1:56246] PHP Warning:  Trying to access array offset on value of type null in C:\\Users\\user\\Desktop\\GymProjekt\\xampp\\htdocs\\projekt\\api\\trainer_gym.php on line 19, referer: http://localhost/projekt/view_trainer.php?trainer_id=T67d172e22c301
[Wed Apr 23 17:00:16.483331 2025] [php:warn] [pid 12964:tid 1872] [client ::1:56246] PHP Warning:  Trying to access array offset on value of type null in C:\\Users\\user\\Desktop\\GymProjekt\\xampp\\htdocs\\projekt\\api\\trainer_gym.php on line 20, referer: http://localhost/projekt/view_trainer.php?trainer_id=T67d172e22c301
[Wed Apr 23 17:00:20.638650 2025] [php:warn] [pid 12964:tid 1872] [client ::1:56246] PHP Warning:  Trying to access array offset on value of type null in C:\\Users\\user\\Desktop\\GymProjekt\\xampp\\htdocs\\projekt\\api\\trainer_gym.php on line 19, referer: http://localhost/projekt/view_trainer.php?trainer_id=T67d172e22c301
[Wed Apr 23 17:00:20.638650 2025] [php:warn] [pid 12964:tid 1872] [client ::1:56246] PHP Warning:  Trying to access array offset on value of type null in C:\\Users\\user\\Desktop\\GymProjekt\\xampp\\htdocs\\projekt\\api\\trainer_gym.php on line 20, referer: http://localhost/projekt/view_trainer.php?trainer_id=T67d172e22c301
[Wed Apr 23 17:05:00.061303 2025] [php:warn] [pid 12964:tid 1848] [client ::1:56393] PHP Warning:  Trying to access array offset on value of type null in C:\\Users\\user\\Desktop\\GymProjekt\\xampp\\htdocs\\projekt\\api\\trainer_gym.php on line 19, referer: http://localhost/projekt/view_trainer.php?trainer_id=T67d172e22c301
[Wed Apr 23 17:05:00.061303 2025] [php:warn] [pid 12964:tid 1848] [client ::1:56393] PHP Warning:  Trying to access array offset on value of type null in C:\\Users\\user\\Desktop\\GymProjekt\\xampp\\htdocs\\projekt\\api\\trainer_gym.php on line 20, referer: http://localhost/projekt/view_trainer.php?trainer_id=T67d172e22c301
[Wed Apr 23 17:05:03.856657 2025] [php:warn] [pid 12964:tid 1848] [client ::1:56393] PHP Warning:  Trying to access array offset on value of type null in C:\\Users\\user\\Desktop\\GymProjekt\\xampp\\htdocs\\projekt\\api\\trainer_gym.php on line 19, referer: http://localhost/projekt/view_trainer.php?trainer_id=T67d172e22c301
[Wed Apr 23 17:05:03.856657 2025] [php:warn] [pid 12964:tid 1848] [client ::1:56393] PHP Warning:  Trying to access array offset on value of type null in C:\\Users\\user\\Desktop\\GymProjekt\\xampp\\htdocs\\projekt\\api\\trainer_gym.php on line 20, referer: http://localhost/projekt/view_trainer.php?trainer_id=T67d172e22c301
[Wed Apr 23 17:14:06.546419 2025] [php:warn] [pid 12964:tid 1848] [client ::1:56899] PHP Warning:  Trying to access array offset on value of type null in C:\\Users\\user\\Desktop\\GymProjekt\\xampp\\htdocs\\projekt\\api\\trainer_gym.php on line 19, referer: http://localhost/projekt/view_trainer.php?trainer_id=T67d172e22c301
[Wed Apr 23 17:14:06.547422 2025] [php:warn] [pid 12964:tid 1848] [client ::1:56899] PHP Warning:  Trying to access array offset on value of type null in C:\\Users\\user\\Desktop\\GymProjekt\\xampp\\htdocs\\projekt\\api\\trainer_gym.php on line 20, referer: http://localhost/projekt/view_trainer.php?trainer_id=T67d172e22c301
[Wed Apr 23 17:19:47.575341 2025] [php:warn] [pid 12964:tid 1848] [client ::1:57206] PHP Warning:  Trying to access array offset on value of type null in C:\\Users\\user\\Desktop\\GymProjekt\\xampp\\htdocs\\projekt\\api\\trainer_gym.php on line 19, referer: http://localhost/projekt/view_trainer.php?trainer_id=T67d172e22c301
[Wed Apr 23 17:19:47.575341 2025] [php:warn] [pid 12964:tid 1848] [client ::1:57206] PHP Warning:  Trying to access array offset on value of type null in C:\\Users\\user\\Desktop\\GymProjekt\\xampp\\htdocs\\projekt\\api\\trainer_gym.php on line 20, referer: http://localhost/projekt/view_trainer.php?trainer_id=T67d172e22c301
[Wed Apr 23 17:22:02.206440 2025] [php:warn] [pid 12964:tid 1848] [client ::1:57323] PHP Warning:  Trying to access array offset on value of type null in C:\\Users\\user\\Desktop\\GymProjekt\\xampp\\htdocs\\projekt\\api\\trainer_gym.php on line 19, referer: http://localhost/projekt/view_trainer.php?trainer_id=T67d172e22c301
[Wed Apr 23 17:22:02.206440 2025] [php:warn] [pid 12964:tid 1848] [client ::1:57323] PHP Warning:  Trying to access array offset on value of type null in C:\\Users\\user\\Desktop\\GymProjekt\\xampp\\htdocs\\projekt\\api\\trainer_gym.php on line 20, referer: http://localhost/projekt/view_trainer.php?trainer_id=T67d172e22c301
[Wed Apr 23 17:22:28.887463 2025] [php:warn] [pid 12964:tid 1872] [client ::1:57345] PHP Warning:  Trying to access array offset on value of type null in C:\\Users\\user\\Desktop\\GymProjekt\\xampp\\htdocs\\projekt\\api\\trainer_gym.php on line 19, referer: http://localhost/projekt/view_trainer.php?trainer_id=T67d172e22c301
[Wed Apr 23 17:22:28.887463 2025] [php:warn] [pid 12964:tid 1872] [client ::1:57345] PHP Warning:  Trying to access array offset on value of type null in C:\\Users\\user\\Desktop\\GymProjekt\\xampp\\htdocs\\projekt\\api\\trainer_gym.php on line 20, referer: http://localhost/projekt/view_trainer.php?trainer_id=T67d172e22c301
[Wed Apr 23 18:39:49.075658 2025] [php:warn] [pid 12964:tid 1848] [client ::1:59990] PHP Warning:  Undefined variable $gym_data in C:\\Users\\user\\Desktop\\GymProjekt\\xampp\\htdocs\\projekt\\view_trainer.php on line 100, referer: http://localhost/projekt/owner_dashboard.php
[Wed Apr 23 18:39:49.075658 2025] [php:error] [pid 12964:tid 1848] [client ::1:59990] PHP Fatal error:  Uncaught Error: Call to a member function fetch_assoc() on null in C:\\Users\\user\\Desktop\\GymProjekt\\xampp\\htdocs\\projekt\\view_trainer.php:100\nStack trace:\n#0 {main}\n  thrown in C:\\Users\\user\\Desktop\\GymProjekt\\xampp\\htdocs\\projekt\\view_trainer.php on line 100, referer: http://localhost/projekt/owner_dashboard.php
[Wed Apr 23 19:49:40.207031 2025] [ssl:warn] [pid 18356:tid 424] AH01909: www.example.com:443:0 server certificate does NOT include an ID which matches the server name
[Wed Apr 23 19:49:40.255075 2025] [core:warn] [pid 18356:tid 424] AH00098: pid file C:/Users/user/Desktop/GymProjekt/xampp/apache/logs/httpd.pid overwritten -- Unclean shutdown of previous Apache run?
[Wed Apr 23 19:49:40.258077 2025] [ssl:warn] [pid 18356:tid 424] AH01909: www.example.com:443:0 server certificate does NOT include an ID which matches the server name
[Wed Apr 23 19:49:40.279097 2025] [mpm_winnt:notice] [pid 18356:tid 424] AH00455: Apache/2.4.58 (Win64) OpenSSL/3.1.3 PHP/8.0.30 configured -- resuming normal operations
[Wed Apr 23 19:49:40.279097 2025] [mpm_winnt:notice] [pid 18356:tid 424] AH00456: Apache Lounge VS17 Server built: Oct 18 2023 13:03:18
[Wed Apr 23 19:49:40.279097 2025] [core:notice] [pid 18356:tid 424] AH00094: Command line: 'c:\\users\\user\\desktop\\gymprojekt\\xampp\\apache\\bin\\httpd.exe -d C:/Users/user/Desktop/GymProjekt/xampp/apache'
[Wed Apr 23 19:49:40.282099 2025] [mpm_winnt:notice] [pid 18356:tid 424] AH00418: Parent: Created child process 3492
[Wed Apr 23 19:49:40.770156 2025] [ssl:warn] [pid 3492:tid 468] AH01909: www.example.com:443:0 server certificate does NOT include an ID which matches the server name
[Wed Apr 23 19:49:40.816198 2025] [ssl:warn] [pid 3492:tid 468] AH01909: www.example.com:443:0 server certificate does NOT include an ID which matches the server name
[Wed Apr 23 19:49:40.840220 2025] [mpm_winnt:notice] [pid 3492:tid 468] AH00354: Child: Starting 150 worker threads.
[Wed Apr 23 20:27:02.579254 2025] [ssl:warn] [pid 11648:tid 444] AH01909: www.example.com:443:0 server certificate does NOT include an ID which matches the server name
[Wed Apr 23 20:27:02.631470 2025] [core:warn] [pid 11648:tid 444] AH00098: pid file C:/Users/user/Desktop/GymProjekt/xampp/apache/logs/httpd.pid overwritten -- Unclean shutdown of previous Apache run?
[Wed Apr 23 20:27:02.634473 2025] [ssl:warn] [pid 11648:tid 444] AH01909: www.example.com:443:0 server certificate does NOT include an ID which matches the server name
[Wed Apr 23 20:27:02.656728 2025] [mpm_winnt:notice] [pid 11648:tid 444] AH00455: Apache/2.4.58 (Win64) OpenSSL/3.1.3 PHP/8.0.30 configured -- resuming normal operations
[Wed Apr 23 20:27:02.656728 2025] [mpm_winnt:notice] [pid 11648:tid 444] AH00456: Apache Lounge VS17 Server built: Oct 18 2023 13:03:18
[Wed Apr 23 20:27:02.656728 2025] [core:notice] [pid 11648:tid 444] AH00094: Command line: 'c:\\users\\user\\desktop\\gymprojekt\\xampp\\apache\\bin\\httpd.exe -d C:/Users/user/Desktop/GymProjekt/xampp/apache'
[Wed Apr 23 20:27:02.659730 2025] [mpm_winnt:notice] [pid 11648:tid 444] AH00418: Parent: Created child process 19164
[Wed Apr 23 20:27:03.100895 2025] [ssl:warn] [pid 19164:tid 444] AH01909: www.example.com:443:0 server certificate does NOT include an ID which matches the server name
[Wed Apr 23 20:27:03.149717 2025] [ssl:warn] [pid 19164:tid 444] AH01909: www.example.com:443:0 server certificate does NOT include an ID which matches the server name
[Wed Apr 23 20:27:03.174740 2025] [mpm_winnt:notice] [pid 19164:tid 444] AH00354: Child: Starting 150 worker threads.
[Thu Apr 24 16:35:45.357829 2025] [ssl:warn] [pid 22396:tid 464] AH01909: www.example.com:443:0 server certificate does NOT include an ID which matches the server name
[Thu Apr 24 16:35:45.409785 2025] [core:warn] [pid 22396:tid 464] AH00098: pid file C:/Users/user/Desktop/GymProjekt/xampp/apache/logs/httpd.pid overwritten -- Unclean shutdown of previous Apache run?
[Thu Apr 24 16:35:45.412774 2025] [ssl:warn] [pid 22396:tid 464] AH01909: www.example.com:443:0 server certificate does NOT include an ID which matches the server name
[Thu Apr 24 16:35:45.453497 2025] [mpm_winnt:notice] [pid 22396:tid 464] AH00455: Apache/2.4.58 (Win64) OpenSSL/3.1.3 PHP/8.0.30 configured -- resuming normal operations
[Thu Apr 24 16:35:45.453497 2025] [mpm_winnt:notice] [pid 22396:tid 464] AH00456: Apache Lounge VS17 Server built: Oct 18 2023 13:03:18
[Thu Apr 24 16:35:45.453497 2025] [core:notice] [pid 22396:tid 464] AH00094: Command line: 'c:\\users\\user\\desktop\\gymprojekt\\xampp\\apache\\bin\\httpd.exe -d C:/Users/user/Desktop/GymProjekt/xampp/apache'
[Thu Apr 24 16:35:45.456505 2025] [mpm_winnt:notice] [pid 22396:tid 464] AH00418: Parent: Created child process 22172
[Thu Apr 24 16:35:45.860175 2025] [ssl:warn] [pid 22172:tid 436] AH01909: www.example.com:443:0 server certificate does NOT include an ID which matches the server name
[Thu Apr 24 16:35:45.912259 2025] [ssl:warn] [pid 22172:tid 436] AH01909: www.example.com:443:0 server certificate does NOT include an ID which matches the server name
[Thu Apr 24 16:35:45.936296 2025] [mpm_winnt:notice] [pid 22172:tid 436] AH00354: Child: Starting 150 worker threads.
[Thu Apr 24 16:42:23.385120 2025] [ssl:warn] [pid 2352:tid 440] AH01909: www.example.com:443:0 server certificate does NOT include an ID which matches the server name
[Thu Apr 24 16:42:23.433677 2025] [core:warn] [pid 2352:tid 440] AH00098: pid file C:/Users/user/Desktop/GymProjekt/xampp/apache/logs/httpd.pid overwritten -- Unclean shutdown of previous Apache run?
[Thu Apr 24 16:42:23.435680 2025] [ssl:warn] [pid 2352:tid 440] AH01909: www.example.com:443:0 server certificate does NOT include an ID which matches the server name
[Thu Apr 24 16:42:23.458464 2025] [mpm_winnt:notice] [pid 2352:tid 440] AH00455: Apache/2.4.58 (Win64) OpenSSL/3.1.3 PHP/8.0.30 configured -- resuming normal operations
[Thu Apr 24 16:42:23.458464 2025] [mpm_winnt:notice] [pid 2352:tid 440] AH00456: Apache Lounge VS17 Server built: Oct 18 2023 13:03:18
[Thu Apr 24 16:42:23.458464 2025] [core:notice] [pid 2352:tid 440] AH00094: Command line: 'c:\\users\\user\\desktop\\gymprojekt\\xampp\\apache\\bin\\httpd.exe -d C:/Users/user/Desktop/GymProjekt/xampp/apache'
[Thu Apr 24 16:42:23.461467 2025] [mpm_winnt:notice] [pid 2352:tid 440] AH00418: Parent: Created child process 9804
[Thu Apr 24 16:42:23.839709 2025] [ssl:warn] [pid 9804:tid 444] AH01909: www.example.com:443:0 server certificate does NOT include an ID which matches the server name
[Thu Apr 24 16:42:23.885751 2025] [ssl:warn] [pid 9804:tid 444] AH01909: www.example.com:443:0 server certificate does NOT include an ID which matches the server name
[Thu Apr 24 16:42:23.908772 2025] [mpm_winnt:notice] [pid 9804:tid 444] AH00354: Child: Starting 150 worker threads.
[Thu Apr 24 16:46:14.071715 2025] [mpm_winnt:crit] [pid 9804:tid 444] AH02538: Child: Parent process exited abruptly. Child process is ending
[Thu Apr 24 16:46:16.437366 2025] [ssl:warn] [pid 21344:tid 440] AH01909: www.example.com:443:0 server certificate does NOT include an ID which matches the server name
[Thu Apr 24 16:46:16.487411 2025] [core:warn] [pid 21344:tid 440] AH00098: pid file C:/Users/user/Desktop/GymProjekt/xampp/apache/logs/httpd.pid overwritten -- Unclean shutdown of previous Apache run?
[Thu Apr 24 16:46:16.490414 2025] [ssl:warn] [pid 21344:tid 440] AH01909: www.example.com:443:0 server certificate does NOT include an ID which matches the server name
[Thu Apr 24 16:46:16.513435 2025] [mpm_winnt:notice] [pid 21344:tid 440] AH00455: Apache/2.4.58 (Win64) OpenSSL/3.1.3 PHP/8.0.30 configured -- resuming normal operations
[Thu Apr 24 16:46:16.513435 2025] [mpm_winnt:notice] [pid 21344:tid 440] AH00456: Apache Lounge VS17 Server built: Oct 18 2023 13:03:18
[Thu Apr 24 16:46:16.513435 2025] [core:notice] [pid 21344:tid 440] AH00094: Command line: 'c:\\users\\user\\desktop\\gymprojekt\\xampp\\apache\\bin\\httpd.exe -d C:/Users/user/Desktop/GymProjekt/xampp/apache'
[Thu Apr 24 16:46:16.516437 2025] [mpm_winnt:notice] [pid 21344:tid 440] AH00418: Parent: Created child process 10760
[Thu Apr 24 16:46:16.903321 2025] [ssl:warn] [pid 10760:tid 448] AH01909: www.example.com:443:0 server certificate does NOT include an ID which matches the server name
[Thu Apr 24 16:46:16.950363 2025] [ssl:warn] [pid 10760:tid 448] AH01909: www.example.com:443:0 server certificate does NOT include an ID which matches the server name
[Thu Apr 24 16:46:16.974144 2025] [mpm_winnt:notice] [pid 10760:tid 448] AH00354: Child: Starting 150 worker threads.
[Thu Apr 24 16:59:19.818180 2025] [mpm_winnt:crit] [pid 10760:tid 448] AH02538: Child: Parent process exited abruptly. Child process is ending
[Thu Apr 24 17:16:41.896530 2025] [ssl:warn] [pid 20276:tid 464] AH01909: www.example.com:443:0 server certificate does NOT include an ID which matches the server name
[Thu Apr 24 17:16:41.946576 2025] [core:warn] [pid 20276:tid 464] AH00098: pid file C:/Users/user/Desktop/GymProjekt/xampp/apache/logs/httpd.pid overwritten -- Unclean shutdown of previous Apache run?
[Thu Apr 24 17:16:41.949579 2025] [ssl:warn] [pid 20276:tid 464] AH01909: www.example.com:443:0 server certificate does NOT include an ID which matches the server name
[Thu Apr 24 17:16:41.972106 2025] [mpm_winnt:notice] [pid 20276:tid 464] AH00455: Apache/2.4.58 (Win64) OpenSSL/3.1.3 PHP/8.0.30 configured -- resuming normal operations
[Thu Apr 24 17:16:41.972106 2025] [mpm_winnt:notice] [pid 20276:tid 464] AH00456: Apache Lounge VS17 Server built: Oct 18 2023 13:03:18
[Thu Apr 24 17:16:41.972106 2025] [core:notice] [pid 20276:tid 464] AH00094: Command line: 'c:\\users\\user\\desktop\\gymprojekt\\xampp\\apache\\bin\\httpd.exe -d C:/Users/user/Desktop/GymProjekt/xampp/apache'
[Thu Apr 24 17:16:41.975109 2025] [mpm_winnt:notice] [pid 20276:tid 464] AH00418: Parent: Created child process 16992
[Thu Apr 24 17:16:42.361224 2025] [ssl:warn] [pid 16992:tid 472] AH01909: www.example.com:443:0 server certificate does NOT include an ID which matches the server name
[Thu Apr 24 17:16:42.409269 2025] [ssl:warn] [pid 16992:tid 472] AH01909: www.example.com:443:0 server certificate does NOT include an ID which matches the server name
[Thu Apr 24 17:16:42.433368 2025] [mpm_winnt:notice] [pid 16992:tid 472] AH00354: Child: Starting 150 worker threads.
[Thu Apr 24 18:11:12.647931 2025] [php:error] [pid 16992:tid 1844] [client ::1:53042] PHP Fatal error:  Uncaught Error: Call to a member function fetch_assoc() on bool in C:\\Users\\user\\Desktop\\GymProjekt\\xampp\\htdocs\\projekt\\members.php:40\nStack trace:\n#0 {main}\n  thrown in C:\\Users\\user\\Desktop\\GymProjekt\\xampp\\htdocs\\projekt\\members.php on line 40
[Thu Apr 24 22:34:54.360977 2025] [ssl:warn] [pid 14428:tid 456] AH01909: www.example.com:443:0 server certificate does NOT include an ID which matches the server name
[Thu Apr 24 22:34:54.410021 2025] [core:warn] [pid 14428:tid 456] AH00098: pid file C:/Users/user/Desktop/GymProjekt/xampp/apache/logs/httpd.pid overwritten -- Unclean shutdown of previous Apache run?
[Thu Apr 24 22:34:54.413024 2025] [ssl:warn] [pid 14428:tid 456] AH01909: www.example.com:443:0 server certificate does NOT include an ID which matches the server name
[Thu Apr 24 22:34:54.438047 2025] [mpm_winnt:notice] [pid 14428:tid 456] AH00455: Apache/2.4.58 (Win64) OpenSSL/3.1.3 PHP/8.0.30 configured -- resuming normal operations
[Thu Apr 24 22:34:54.438047 2025] [mpm_winnt:notice] [pid 14428:tid 456] AH00456: Apache Lounge VS17 Server built: Oct 18 2023 13:03:18
[Thu Apr 24 22:34:54.438047 2025] [core:notice] [pid 14428:tid 456] AH00094: Command line: 'c:\\users\\user\\desktop\\gymprojekt\\xampp\\apache\\bin\\httpd.exe -d C:/Users/user/Desktop/GymProjekt/xampp/apache'
[Thu Apr 24 22:34:54.441050 2025] [mpm_winnt:notice] [pid 14428:tid 456] AH00418: Parent: Created child process 7256
[Thu Apr 24 22:34:54.878967 2025] [ssl:warn] [pid 7256:tid 432] AH01909: www.example.com:443:0 server certificate does NOT include an ID which matches the server name
[Thu Apr 24 22:34:54.928840 2025] [ssl:warn] [pid 7256:tid 432] AH01909: www.example.com:443:0 server certificate does NOT include an ID which matches the server name
[Thu Apr 24 22:34:54.953808 2025] [mpm_winnt:notice] [pid 7256:tid 432] AH00354: Child: Starting 150 worker threads.
[Fri Apr 25 15:03:48.794291 2025] [ssl:warn] [pid 16420:tid 440] AH01909: www.example.com:443:0 server certificate does NOT include an ID which matches the server name
[Fri Apr 25 15:03:48.843335 2025] [core:warn] [pid 16420:tid 440] AH00098: pid file C:/Users/user/Desktop/GymProjekt/xampp/apache/logs/httpd.pid overwritten -- Unclean shutdown of previous Apache run?
[Fri Apr 25 15:03:48.846339 2025] [ssl:warn] [pid 16420:tid 440] AH01909: www.example.com:443:0 server certificate does NOT include an ID which matches the server name
[Fri Apr 25 15:03:49.229515 2025] [mpm_winnt:notice] [pid 16420:tid 440] AH00455: Apache/2.4.58 (Win64) OpenSSL/3.1.3 PHP/8.0.30 configured -- resuming normal operations
[Fri Apr 25 15:03:49.229515 2025] [mpm_winnt:notice] [pid 16420:tid 440] AH00456: Apache Lounge VS17 Server built: Oct 18 2023 13:03:18
[Fri Apr 25 15:03:49.229515 2025] [core:notice] [pid 16420:tid 440] AH00094: Command line: 'c:\\users\\user\\desktop\\gymprojekt\\xampp\\apache\\bin\\httpd.exe -d C:/Users/user/Desktop/GymProjekt/xampp/apache'
[Fri Apr 25 15:03:49.232518 2025] [mpm_winnt:notice] [pid 16420:tid 440] AH00418: Parent: Created child process 5904
[Fri Apr 25 15:03:49.745986 2025] [ssl:warn] [pid 5904:tid 456] AH01909: www.example.com:443:0 server certificate does NOT include an ID which matches the server name
[Fri Apr 25 15:03:49.795031 2025] [ssl:warn] [pid 5904:tid 456] AH01909: www.example.com:443:0 server certificate does NOT include an ID which matches the server name
[Fri Apr 25 15:03:49.819053 2025] [mpm_winnt:notice] [pid 5904:tid 456] AH00354: Child: Starting 150 worker threads.
[Fri Apr 25 17:32:02.571373 2025] [php:warn] [pid 5904:tid 1856] [client ::1:54329] PHP Warning:  Undefined variable $gym_list in C:\\Users\\user\\Desktop\\GymProjekt\\xampp\\htdocs\\projekt\\owner_dashboard.php on line 171, referer: http://localhost/projekt/profile.php
[Fri Apr 25 17:32:02.571373 2025] [php:warn] [pid 5904:tid 1856] [client ::1:54329] PHP Warning:  foreach() argument must be of type array|object, null given in C:\\Users\\user\\Desktop\\GymProjekt\\xampp\\htdocs\\projekt\\owner_dashboard.php on line 171, referer: http://localhost/projekt/profile.php
[Fri Apr 25 17:32:03.414435 2025] [php:warn] [pid 5904:tid 1856] [client ::1:54329] PHP Warning:  Undefined variable $gym_list in C:\\Users\\user\\Desktop\\GymProjekt\\xampp\\htdocs\\projekt\\owner_dashboard.php on line 171, referer: http://localhost/projekt/profile.php
[Fri Apr 25 17:32:03.414435 2025] [php:warn] [pid 5904:tid 1856] [client ::1:54329] PHP Warning:  foreach() argument must be of type array|object, null given in C:\\Users\\user\\Desktop\\GymProjekt\\xampp\\htdocs\\projekt\\owner_dashboard.php on line 171, referer: http://localhost/projekt/profile.php
[Fri Apr 25 17:32:03.754801 2025] [php:warn] [pid 5904:tid 1856] [client ::1:54329] PHP Warning:  Undefined variable $gym_list in C:\\Users\\user\\Desktop\\GymProjekt\\xampp\\htdocs\\projekt\\owner_dashboard.php on line 171, referer: http://localhost/projekt/profile.php
[Fri Apr 25 17:32:03.754801 2025] [php:warn] [pid 5904:tid 1856] [client ::1:54329] PHP Warning:  foreach() argument must be of type array|object, null given in C:\\Users\\user\\Desktop\\GymProjekt\\xampp\\htdocs\\projekt\\owner_dashboard.php on line 171, referer: http://localhost/projekt/profile.php
[Fri Apr 25 17:32:03.927793 2025] [php:warn] [pid 5904:tid 1856] [client ::1:54329] PHP Warning:  Undefined variable $gym_list in C:\\Users\\user\\Desktop\\GymProjekt\\xampp\\htdocs\\projekt\\owner_dashboard.php on line 171, referer: http://localhost/projekt/profile.php
[Fri Apr 25 17:32:03.927793 2025] [php:warn] [pid 5904:tid 1856] [client ::1:54329] PHP Warning:  foreach() argument must be of type array|object, null given in C:\\Users\\user\\Desktop\\GymProjekt\\xampp\\htdocs\\projekt\\owner_dashboard.php on line 171, referer: http://localhost/projekt/profile.php
[Fri Apr 25 17:32:04.092533 2025] [php:warn] [pid 5904:tid 1856] [client ::1:54329] PHP Warning:  Undefined variable $gym_list in C:\\Users\\user\\Desktop\\GymProjekt\\xampp\\htdocs\\projekt\\owner_dashboard.php on line 171, referer: http://localhost/projekt/profile.php
[Fri Apr 25 17:32:04.092533 2025] [php:warn] [pid 5904:tid 1856] [client ::1:54329] PHP Warning:  foreach() argument must be of type array|object, null given in C:\\Users\\user\\Desktop\\GymProjekt\\xampp\\htdocs\\projekt\\owner_dashboard.php on line 171, referer: http://localhost/projekt/profile.php
[Fri Apr 25 17:32:12.334586 2025] [php:warn] [pid 5904:tid 1856] [client ::1:54329] PHP Warning:  Undefined variable $gym_list in C:\\Users\\user\\Desktop\\GymProjekt\\xampp\\htdocs\\projekt\\owner_dashboard.php on line 171, referer: http://localhost/projekt/index.php
[Fri Apr 25 17:32:12.334586 2025] [php:warn] [pid 5904:tid 1856] [client ::1:54329] PHP Warning:  foreach() argument must be of type array|object, null given in C:\\Users\\user\\Desktop\\GymProjekt\\xampp\\htdocs\\projekt\\owner_dashboard.php on line 171, referer: http://localhost/projekt/index.php
[Fri Apr 25 17:35:25.166221 2025] [php:warn] [pid 5904:tid 1868] [client ::1:54442] PHP Warning:  Undefined variable $gym_list in C:\\Users\\user\\Desktop\\GymProjekt\\xampp\\htdocs\\projekt\\owner_dashboard.php on line 171, referer: http://localhost/projekt/index.php
[Fri Apr 25 17:35:25.166221 2025] [php:warn] [pid 5904:tid 1868] [client ::1:54442] PHP Warning:  foreach() argument must be of type array|object, null given in C:\\Users\\user\\Desktop\\GymProjekt\\xampp\\htdocs\\projekt\\owner_dashboard.php on line 171, referer: http://localhost/projekt/index.php
[Fri Apr 25 17:35:25.557871 2025] [php:warn] [pid 5904:tid 1868] [client ::1:54442] PHP Warning:  Undefined variable $gym_list in C:\\Users\\user\\Desktop\\GymProjekt\\xampp\\htdocs\\projekt\\owner_dashboard.php on line 171, referer: http://localhost/projekt/index.php
[Fri Apr 25 17:35:25.558872 2025] [php:warn] [pid 5904:tid 1868] [client ::1:54442] PHP Warning:  foreach() argument must be of type array|object, null given in C:\\Users\\user\\Desktop\\GymProjekt\\xampp\\htdocs\\projekt\\owner_dashboard.php on line 171, referer: http://localhost/projekt/index.php
[Fri Apr 25 17:35:25.730892 2025] [php:warn] [pid 5904:tid 1868] [client ::1:54442] PHP Warning:  Undefined variable $gym_list in C:\\Users\\user\\Desktop\\GymProjekt\\xampp\\htdocs\\projekt\\owner_dashboard.php on line 171, referer: http://localhost/projekt/index.php
[Fri Apr 25 17:35:25.730892 2025] [php:warn] [pid 5904:tid 1868] [client ::1:54442] PHP Warning:  foreach() argument must be of type array|object, null given in C:\\Users\\user\\Desktop\\GymProjekt\\xampp\\htdocs\\projekt\\owner_dashboard.php on line 171, referer: http://localhost/projekt/index.php
[Fri Apr 25 17:35:25.883320 2025] [php:warn] [pid 5904:tid 1868] [client ::1:54442] PHP Warning:  Undefined variable $gym_list in C:\\Users\\user\\Desktop\\GymProjekt\\xampp\\htdocs\\projekt\\owner_dashboard.php on line 171, referer: http://localhost/projekt/index.php
[Fri Apr 25 17:35:25.883320 2025] [php:warn] [pid 5904:tid 1868] [client ::1:54442] PHP Warning:  foreach() argument must be of type array|object, null given in C:\\Users\\user\\Desktop\\GymProjekt\\xampp\\htdocs\\projekt\\owner_dashboard.php on line 171, referer: http://localhost/projekt/index.php
[Fri Apr 25 17:35:28.049877 2025] [php:warn] [pid 5904:tid 1868] [client ::1:54442] PHP Warning:  Undefined variable $gym_list in C:\\Users\\user\\Desktop\\GymProjekt\\xampp\\htdocs\\projekt\\owner_dashboard.php on line 171, referer: http://localhost/projekt/index.php
[Fri Apr 25 17:35:28.049877 2025] [php:warn] [pid 5904:tid 1868] [client ::1:54442] PHP Warning:  foreach() argument must be of type array|object, null given in C:\\Users\\user\\Desktop\\GymProjekt\\xampp\\htdocs\\projekt\\owner_dashboard.php on line 171, referer: http://localhost/projekt/index.php
[Fri Apr 25 17:35:39.452188 2025] [php:warn] [pid 5904:tid 1856] [client ::1:54443] PHP Warning:  Undefined variable $gym_list in C:\\Users\\user\\Desktop\\GymProjekt\\xampp\\htdocs\\projekt\\owner_dashboard.php on line 171, referer: http://localhost/projekt/index.php
[Fri Apr 25 17:35:39.452188 2025] [php:warn] [pid 5904:tid 1856] [client ::1:54443] PHP Warning:  foreach() argument must be of type array|object, null given in C:\\Users\\user\\Desktop\\GymProjekt\\xampp\\htdocs\\projekt\\owner_dashboard.php on line 171, referer: http://localhost/projekt/index.php
[Fri Apr 25 17:35:44.077180 2025] [php:warn] [pid 5904:tid 1856] [client ::1:54443] PHP Warning:  Undefined variable $gym_list in C:\\Users\\user\\Desktop\\GymProjekt\\xampp\\htdocs\\projekt\\owner_dashboard.php on line 171, referer: http://localhost/projekt/index.php
[Fri Apr 25 17:35:44.077180 2025] [php:warn] [pid 5904:tid 1856] [client ::1:54443] PHP Warning:  foreach() argument must be of type array|object, null given in C:\\Users\\user\\Desktop\\GymProjekt\\xampp\\htdocs\\projekt\\owner_dashboard.php on line 171, referer: http://localhost/projekt/index.php
[Fri Apr 25 17:35:49.095109 2025] [php:warn] [pid 5904:tid 1868] [client ::1:54461] PHP Warning:  Undefined variable $gym_list in C:\\Users\\user\\Desktop\\GymProjekt\\xampp\\htdocs\\projekt\\owner_dashboard.php on line 171, referer: http://localhost/projekt/owner_dashboard.php
[Fri Apr 25 17:35:49.095109 2025] [php:warn] [pid 5904:tid 1868] [client ::1:54461] PHP Warning:  foreach() argument must be of type array|object, null given in C:\\Users\\user\\Desktop\\GymProjekt\\xampp\\htdocs\\projekt\\owner_dashboard.php on line 171, referer: http://localhost/projekt/owner_dashboard.php
[Fri Apr 25 17:35:49.692597 2025] [php:warn] [pid 5904:tid 1868] [client ::1:54461] PHP Warning:  Undefined variable $gym_list in C:\\Users\\user\\Desktop\\GymProjekt\\xampp\\htdocs\\projekt\\owner_dashboard.php on line 171, referer: http://localhost/projekt/owner_dashboard.php
[Fri Apr 25 17:35:49.692597 2025] [php:warn] [pid 5904:tid 1868] [client ::1:54461] PHP Warning:  foreach() argument must be of type array|object, null given in C:\\Users\\user\\Desktop\\GymProjekt\\xampp\\htdocs\\projekt\\owner_dashboard.php on line 171, referer: http://localhost/projekt/owner_dashboard.php
[Fri Apr 25 17:46:40.495970 2025] [php:warn] [pid 5904:tid 1856] [client ::1:54793] PHP Warning:  Undefined variable $gym_list in C:\\Users\\user\\Desktop\\GymProjekt\\xampp\\htdocs\\projekt\\owner_dashboard.php on line 171, referer: http://localhost/projekt/index.php
[Fri Apr 25 17:46:40.495970 2025] [php:warn] [pid 5904:tid 1856] [client ::1:54793] PHP Warning:  foreach() argument must be of type array|object, null given in C:\\Users\\user\\Desktop\\GymProjekt\\xampp\\htdocs\\projekt\\owner_dashboard.php on line 171, referer: http://localhost/projekt/index.php
[Fri Apr 25 17:50:16.640906 2025] [php:warn] [pid 5904:tid 1868] [client ::1:54903] PHP Warning:  Undefined variable $gym_list in C:\\Users\\user\\Desktop\\GymProjekt\\xampp\\htdocs\\projekt\\owner_dashboard.php on line 171, referer: http://localhost/projekt/index.php
[Fri Apr 25 17:50:16.641907 2025] [php:warn] [pid 5904:tid 1868] [client ::1:54903] PHP Warning:  foreach() argument must be of type array|object, null given in C:\\Users\\user\\Desktop\\GymProjekt\\xampp\\htdocs\\projekt\\owner_dashboard.php on line 171, referer: http://localhost/projekt/index.php
[Fri Apr 25 17:50:19.433967 2025] [php:warn] [pid 5904:tid 1868] [client ::1:54903] PHP Warning:  Undefined variable $gym_list in C:\\Users\\user\\Desktop\\GymProjekt\\xampp\\htdocs\\projekt\\owner_dashboard.php on line 171, referer: http://localhost/projekt/index.php
[Fri Apr 25 17:50:19.433967 2025] [php:warn] [pid 5904:tid 1868] [client ::1:54903] PHP Warning:  foreach() argument must be of type array|object, null given in C:\\Users\\user\\Desktop\\GymProjekt\\xampp\\htdocs\\projekt\\owner_dashboard.php on line 171, referer: http://localhost/projekt/index.php
[Fri Apr 25 18:02:58.510804 2025] [php:warn] [pid 5904:tid 1868] [client ::1:55337] PHP Warning:  Undefined variable $gym_list in C:\\Users\\user\\Desktop\\GymProjekt\\xampp\\htdocs\\projekt\\owner_dashboard.php on line 171, referer: http://localhost/projekt/view_trainer.php?trainer_id=T67d4026584118
[Fri Apr 25 18:02:58.510804 2025] [php:warn] [pid 5904:tid 1868] [client ::1:55337] PHP Warning:  foreach() argument must be of type array|object, null given in C:\\Users\\user\\Desktop\\GymProjekt\\xampp\\htdocs\\projekt\\owner_dashboard.php on line 171, referer: http://localhost/projekt/view_trainer.php?trainer_id=T67d4026584118
[Fri Apr 25 18:03:06.762362 2025] [php:warn] [pid 5904:tid 1856] [client ::1:55338] PHP Warning:  Undefined array key "assigned_gyms" in C:\\Users\\user\\Desktop\\GymProjekt\\xampp\\htdocs\\projekt\\owner_dashboard.php on line 50, referer: http://localhost/projekt/owner_dashboard.php
[Fri Apr 25 18:03:06.770369 2025] [php:warn] [pid 5904:tid 1856] [client ::1:55338] PHP Warning:  foreach() argument must be of type array|object, null given in C:\\Users\\user\\Desktop\\GymProjekt\\xampp\\htdocs\\projekt\\owner_dashboard.php on line 56, referer: http://localhost/projekt/owner_dashboard.php
[Fri Apr 25 18:03:06.771370 2025] [php:warn] [pid 5904:tid 1856] [client ::1:55338] PHP Warning:  Undefined variable $gym_list in C:\\Users\\user\\Desktop\\GymProjekt\\xampp\\htdocs\\projekt\\owner_dashboard.php on line 171, referer: http://localhost/projekt/owner_dashboard.php
[Fri Apr 25 18:03:06.771370 2025] [php:warn] [pid 5904:tid 1856] [client ::1:55338] PHP Warning:  foreach() argument must be of type array|object, null given in C:\\Users\\user\\Desktop\\GymProjekt\\xampp\\htdocs\\projekt\\owner_dashboard.php on line 171, referer: http://localhost/projekt/owner_dashboard.php
[Fri Apr 25 18:11:07.508672 2025] [php:warn] [pid 5904:tid 1868] [client ::1:55847] PHP Warning:  Undefined variable $gym_list in C:\\Users\\user\\Desktop\\GymProjekt\\xampp\\htdocs\\projekt\\owner_dashboard.php on line 164, referer: http://localhost/projekt/owner_dashboard.php
[Fri Apr 25 18:11:07.509675 2025] [php:warn] [pid 5904:tid 1868] [client ::1:55847] PHP Warning:  foreach() argument must be of type array|object, null given in C:\\Users\\user\\Desktop\\GymProjekt\\xampp\\htdocs\\projekt\\owner_dashboard.php on line 164, referer: http://localhost/projekt/owner_dashboard.php
[Fri Apr 25 18:11:13.719091 2025] [php:error] [pid 5904:tid 1856] [client ::1:55848] PHP Fatal error:  Uncaught Error: Call to a member function bind_param() on bool in C:\\Users\\user\\Desktop\\GymProjekt\\xampp\\htdocs\\projekt\\owner_dashboard.php:60\nStack trace:\n#0 {main}\n  thrown in C:\\Users\\user\\Desktop\\GymProjekt\\xampp\\htdocs\\projekt\\owner_dashboard.php on line 60, referer: http://localhost/projekt/owner_dashboard.php
[Fri Apr 25 18:14:01.727432 2025] [php:warn] [pid 5904:tid 1868] [client ::1:55933] PHP Warning:  Undefined variable $gym_list in C:\\Users\\user\\Desktop\\GymProjekt\\xampp\\htdocs\\projekt\\owner_dashboard.php on line 168, referer: http://localhost/projekt/view_trainer.php?trainer_id=T67d4026584118
[Fri Apr 25 18:14:01.728434 2025] [php:warn] [pid 5904:tid 1868] [client ::1:55933] PHP Warning:  foreach() argument must be of type array|object, null given in C:\\Users\\user\\Desktop\\GymProjekt\\xampp\\htdocs\\projekt\\owner_dashboard.php on line 168, referer: http://localhost/projekt/view_trainer.php?trainer_id=T67d4026584118
[Fri Apr 25 18:14:07.106278 2025] [php:warn] [pid 5904:tid 1856] [client ::1:55934] PHP Warning:  Undefined variable $gym_list in C:\\Users\\user\\Desktop\\GymProjekt\\xampp\\htdocs\\projekt\\owner_dashboard.php on line 168, referer: http://localhost/projekt/owner_dashboard.php
[Fri Apr 25 18:14:07.106278 2025] [php:warn] [pid 5904:tid 1856] [client ::1:55934] PHP Warning:  foreach() argument must be of type array|object, null given in C:\\Users\\user\\Desktop\\GymProjekt\\xampp\\htdocs\\projekt\\owner_dashboard.php on line 168, referer: http://localhost/projekt/owner_dashboard.php
[Fri Apr 25 18:14:19.665725 2025] [php:warn] [pid 5904:tid 1868] [client ::1:55943] PHP Warning:  Undefined variable $gym_list in C:\\Users\\user\\Desktop\\GymProjekt\\xampp\\htdocs\\projekt\\owner_dashboard.php on line 168, referer: http://localhost/projekt/owner_dashboard.php
[Fri Apr 25 18:14:19.665725 2025] [php:warn] [pid 5904:tid 1868] [client ::1:55943] PHP Warning:  foreach() argument must be of type array|object, null given in C:\\Users\\user\\Desktop\\GymProjekt\\xampp\\htdocs\\projekt\\owner_dashboard.php on line 168, referer: http://localhost/projekt/owner_dashboard.php
[Fri Apr 25 18:14:24.968917 2025] [php:warn] [pid 5904:tid 1856] [client ::1:55952] PHP Warning:  Undefined variable $gym_list in C:\\Users\\user\\Desktop\\GymProjekt\\xampp\\htdocs\\projekt\\owner_dashboard.php on line 168, referer: http://localhost/projekt/owner_dashboard.php
[Fri Apr 25 18:14:24.968917 2025] [php:warn] [pid 5904:tid 1856] [client ::1:55952] PHP Warning:  foreach() argument must be of type array|object, null given in C:\\Users\\user\\Desktop\\GymProjekt\\xampp\\htdocs\\projekt\\owner_dashboard.php on line 168, referer: http://localhost/projekt/owner_dashboard.php
[Fri Apr 25 18:15:16.585561 2025] [php:warn] [pid 5904:tid 1848] [client ::1:56089] PHP Warning:  Undefined variable $gym_list in C:\\Users\\user\\Desktop\\GymProjekt\\xampp\\htdocs\\projekt\\owner_dashboard.php on line 168, referer: http://localhost/projekt/owner_dashboard.php
[Fri Apr 25 18:15:16.585561 2025] [php:warn] [pid 5904:tid 1848] [client ::1:56089] PHP Warning:  foreach() argument must be of type array|object, null given in C:\\Users\\user\\Desktop\\GymProjekt\\xampp\\htdocs\\projekt\\owner_dashboard.php on line 168, referer: http://localhost/projekt/owner_dashboard.php
[Fri Apr 25 18:32:46.073532 2025] [php:warn] [pid 5904:tid 1860] [client ::1:56769] PHP Warning:  Undefined variable $gym_list in C:\\Users\\user\\Desktop\\GymProjekt\\xampp\\htdocs\\projekt\\owner_dashboard.php on line 162, referer: http://localhost/projekt/owner_dashboard.php
[Fri Apr 25 18:32:46.073532 2025] [php:warn] [pid 5904:tid 1860] [client ::1:56769] PHP Warning:  foreach() argument must be of type array|object, null given in C:\\Users\\user\\Desktop\\GymProjekt\\xampp\\htdocs\\projekt\\owner_dashboard.php on line 162, referer: http://localhost/projekt/owner_dashboard.php
[Fri Apr 25 18:33:59.740893 2025] [php:warn] [pid 5904:tid 1844] [client ::1:56807] PHP Warning:  Undefined variable $gym_list in C:\\Users\\user\\Desktop\\GymProjekt\\xampp\\htdocs\\projekt\\owner_dashboard.php on line 162, referer: http://localhost/projekt/view_trainer.php?trainer_id=T67d4026584118
[Fri Apr 25 18:33:59.740893 2025] [php:warn] [pid 5904:tid 1844] [client ::1:56807] PHP Warning:  foreach() argument must be of type array|object, null given in C:\\Users\\user\\Desktop\\GymProjekt\\xampp\\htdocs\\projekt\\owner_dashboard.php on line 162, referer: http://localhost/projekt/view_trainer.php?trainer_id=T67d4026584118
[Fri Apr 25 18:34:05.519687 2025] [php:warn] [pid 5904:tid 1860] [client ::1:56822] PHP Warning:  Undefined variable $gym_list in C:\\Users\\user\\Desktop\\GymProjekt\\xampp\\htdocs\\projekt\\owner_dashboard.php on line 162, referer: http://localhost/projekt/owner_dashboard.php
[Fri Apr 25 18:34:05.519687 2025] [php:warn] [pid 5904:tid 1860] [client ::1:56822] PHP Warning:  foreach() argument must be of type array|object, null given in C:\\Users\\user\\Desktop\\GymProjekt\\xampp\\htdocs\\projekt\\owner_dashboard.php on line 162, referer: http://localhost/projekt/owner_dashboard.php
[Fri Apr 25 18:34:11.559454 2025] [php:warn] [pid 5904:tid 1860] [client ::1:56822] PHP Warning:  Undefined variable $gym_list in C:\\Users\\user\\Desktop\\GymProjekt\\xampp\\htdocs\\projekt\\owner_dashboard.php on line 162, referer: http://localhost/projekt/view_trainer.php?trainer_id=T67d4026584118
[Fri Apr 25 18:34:11.559454 2025] [php:warn] [pid 5904:tid 1860] [client ::1:56822] PHP Warning:  foreach() argument must be of type array|object, null given in C:\\Users\\user\\Desktop\\GymProjekt\\xampp\\htdocs\\projekt\\owner_dashboard.php on line 162, referer: http://localhost/projekt/view_trainer.php?trainer_id=T67d4026584118
[Fri Apr 25 18:34:35.108457 2025] [php:warn] [pid 5904:tid 1844] [client ::1:56832] PHP Warning:  Undefined variable $gym_list in C:\\Users\\user\\Desktop\\GymProjekt\\xampp\\htdocs\\projekt\\owner_dashboard.php on line 162, referer: http://localhost/projekt/view_trainer.php?trainer_id=T67d4026584118
[Fri Apr 25 18:34:35.108457 2025] [php:warn] [pid 5904:tid 1844] [client ::1:56832] PHP Warning:  foreach() argument must be of type array|object, null given in C:\\Users\\user\\Desktop\\GymProjekt\\xampp\\htdocs\\projekt\\owner_dashboard.php on line 162, referer: http://localhost/projekt/view_trainer.php?trainer_id=T67d4026584118
[Fri Apr 25 18:41:01.308316 2025] [php:warn] [pid 5904:tid 1860] [client ::1:57104] PHP Warning:  Undefined variable $gym_list in C:\\Users\\user\\Desktop\\GymProjekt\\xampp\\htdocs\\projekt\\owner_dashboard.php on line 162, referer: http://localhost/projekt/gyms.php
[Fri Apr 25 18:41:01.308316 2025] [php:warn] [pid 5904:tid 1860] [client ::1:57104] PHP Warning:  foreach() argument must be of type array|object, null given in C:\\Users\\user\\Desktop\\GymProjekt\\xampp\\htdocs\\projekt\\owner_dashboard.php on line 162, referer: http://localhost/projekt/gyms.php
[Fri Apr 25 18:41:11.785668 2025] [php:warn] [pid 5904:tid 1844] [client ::1:57112] PHP Warning:  Undefined variable $gym_list in C:\\Users\\user\\Desktop\\GymProjekt\\xampp\\htdocs\\projekt\\owner_dashboard.php on line 162, referer: http://localhost/projekt/index.php
[Fri Apr 25 18:41:11.785668 2025] [php:warn] [pid 5904:tid 1844] [client ::1:57112] PHP Warning:  foreach() argument must be of type array|object, null given in C:\\Users\\user\\Desktop\\GymProjekt\\xampp\\htdocs\\projekt\\owner_dashboard.php on line 162, referer: http://localhost/projekt/index.php
[Fri Apr 25 18:47:54.287657 2025] [php:warn] [pid 5904:tid 1860] [client ::1:57311] PHP Warning:  Undefined variable $gym_list in C:\\Users\\user\\Desktop\\GymProjekt\\xampp\\htdocs\\projekt\\owner_dashboard.php on line 162, referer: http://localhost/projekt/profile.php
[Fri Apr 25 18:47:54.287657 2025] [php:warn] [pid 5904:tid 1860] [client ::1:57311] PHP Warning:  foreach() argument must be of type array|object, null given in C:\\Users\\user\\Desktop\\GymProjekt\\xampp\\htdocs\\projekt\\owner_dashboard.php on line 162, referer: http://localhost/projekt/profile.php
[Fri Apr 25 18:53:35.033467 2025] [php:warn] [pid 5904:tid 1860] [client ::1:57482] PHP Warning:  Undefined variable $gym_list in C:\\Users\\user\\Desktop\\GymProjekt\\xampp\\htdocs\\projekt\\owner_dashboard.php on line 162, referer: http://localhost/projekt/view_trainer.php?trainer_id=T680bb97d7d9d4
[Fri Apr 25 18:53:35.033467 2025] [php:warn] [pid 5904:tid 1860] [client ::1:57482] PHP Warning:  foreach() argument must be of type array|object, null given in C:\\Users\\user\\Desktop\\GymProjekt\\xampp\\htdocs\\projekt\\owner_dashboard.php on line 162, referer: http://localhost/projekt/view_trainer.php?trainer_id=T680bb97d7d9d4
[Fri Apr 25 18:53:54.757142 2025] [php:warn] [pid 5904:tid 1860] [client ::1:57501] PHP Warning:  Undefined variable $gym_list in C:\\Users\\user\\Desktop\\GymProjekt\\xampp\\htdocs\\projekt\\owner_dashboard.php on line 162, referer: http://localhost/projekt/view_trainer.php?trainer_id=T680bb97d7d9d4
[Fri Apr 25 18:53:54.758144 2025] [php:warn] [pid 5904:tid 1860] [client ::1:57501] PHP Warning:  foreach() argument must be of type array|object, null given in C:\\Users\\user\\Desktop\\GymProjekt\\xampp\\htdocs\\projekt\\owner_dashboard.php on line 162, referer: http://localhost/projekt/view_trainer.php?trainer_id=T680bb97d7d9d4
[Fri Apr 25 18:54:40.241012 2025] [php:warn] [pid 5904:tid 1844] [client ::1:57509] PHP Warning:  Undefined variable $gym_list in C:\\Users\\user\\Desktop\\GymProjekt\\xampp\\htdocs\\projekt\\owner_dashboard.php on line 162, referer: http://localhost/projekt/owner_dashboard.php
[Fri Apr 25 18:54:40.241012 2025] [php:warn] [pid 5904:tid 1844] [client ::1:57509] PHP Warning:  foreach() argument must be of type array|object, null given in C:\\Users\\user\\Desktop\\GymProjekt\\xampp\\htdocs\\projekt\\owner_dashboard.php on line 162, referer: http://localhost/projekt/owner_dashboard.php
[Fri Apr 25 18:55:22.023384 2025] [php:warn] [pid 5904:tid 1844] [client ::1:57547] PHP Warning:  Undefined variable $gym_list in C:\\Users\\user\\Desktop\\GymProjekt\\xampp\\htdocs\\projekt\\owner_dashboard.php on line 162, referer: http://localhost/projekt/view_trainer.php?trainer_id=T680bb97d7d9d4
[Fri Apr 25 18:55:22.023384 2025] [php:warn] [pid 5904:tid 1844] [client ::1:57547] PHP Warning:  foreach() argument must be of type array|object, null given in C:\\Users\\user\\Desktop\\GymProjekt\\xampp\\htdocs\\projekt\\owner_dashboard.php on line 162, referer: http://localhost/projekt/view_trainer.php?trainer_id=T680bb97d7d9d4
[Fri Apr 25 18:55:23.398544 2025] [php:warn] [pid 5904:tid 1844] [client ::1:57547] PHP Warning:  Undefined variable $gym_list in C:\\Users\\user\\Desktop\\GymProjekt\\xampp\\htdocs\\projekt\\owner_dashboard.php on line 162, referer: http://localhost/projekt/view_trainer.php?trainer_id=T680bb97d7d9d4
[Fri Apr 25 18:55:23.398544 2025] [php:warn] [pid 5904:tid 1844] [client ::1:57547] PHP Warning:  foreach() argument must be of type array|object, null given in C:\\Users\\user\\Desktop\\GymProjekt\\xampp\\htdocs\\projekt\\owner_dashboard.php on line 162, referer: http://localhost/projekt/view_trainer.php?trainer_id=T680bb97d7d9d4
[Fri Apr 25 18:58:32.221062 2025] [php:warn] [pid 5904:tid 1844] [client ::1:57659] PHP Warning:  Undefined variable $gym_list in C:\\Users\\user\\Desktop\\GymProjekt\\xampp\\htdocs\\projekt\\owner_dashboard.php on line 162, referer: http://localhost/projekt/view_trainer.php?trainer_id=T67d405ad7f016
[Fri Apr 25 18:58:32.221062 2025] [php:warn] [pid 5904:tid 1844] [client ::1:57659] PHP Warning:  foreach() argument must be of type array|object, null given in C:\\Users\\user\\Desktop\\GymProjekt\\xampp\\htdocs\\projekt\\owner_dashboard.php on line 162, referer: http://localhost/projekt/view_trainer.php?trainer_id=T67d405ad7f016
[Fri Apr 25 18:58:38.340712 2025] [php:error] [pid 5904:tid 1860] [client ::1:57660] PHP Fatal error:  Uncaught Error: Call to a member function bind_param() on bool in C:\\Users\\user\\Desktop\\GymProjekt\\xampp\\htdocs\\projekt\\owner_dashboard.php:64\nStack trace:\n#0 {main}\n  thrown in C:\\Users\\user\\Desktop\\GymProjekt\\xampp\\htdocs\\projekt\\owner_dashboard.php on line 64, referer: http://localhost/projekt/owner_dashboard.php
[Fri Apr 25 18:58:44.670847 2025] [php:warn] [pid 5904:tid 1844] [client ::1:57666] PHP Warning:  Undefined variable $gym_list in C:\\Users\\user\\Desktop\\GymProjekt\\xampp\\htdocs\\projekt\\owner_dashboard.php on line 162, referer: http://localhost/projekt/view_trainer.php?trainer_id=T67d405ad7f016
[Fri Apr 25 18:58:44.670847 2025] [php:warn] [pid 5904:tid 1844] [client ::1:57666] PHP Warning:  foreach() argument must be of type array|object, null given in C:\\Users\\user\\Desktop\\GymProjekt\\xampp\\htdocs\\projekt\\owner_dashboard.php on line 162, referer: http://localhost/projekt/view_trainer.php?trainer_id=T67d405ad7f016
[Fri Apr 25 18:58:49.804895 2025] [php:warn] [pid 5904:tid 1860] [client ::1:57670] PHP Warning:  Undefined variable $gym_list in C:\\Users\\user\\Desktop\\GymProjekt\\xampp\\htdocs\\projekt\\owner_dashboard.php on line 162, referer: http://localhost/projekt/owner_dashboard.php
[Fri Apr 25 18:58:49.804895 2025] [php:warn] [pid 5904:tid 1860] [client ::1:57670] PHP Warning:  foreach() argument must be of type array|object, null given in C:\\Users\\user\\Desktop\\GymProjekt\\xampp\\htdocs\\projekt\\owner_dashboard.php on line 162, referer: http://localhost/projekt/owner_dashboard.php
[Fri Apr 25 18:59:03.585977 2025] [php:warn] [pid 5904:tid 1844] [client ::1:57676] PHP Warning:  Undefined variable $gym_list in C:\\Users\\user\\Desktop\\GymProjekt\\xampp\\htdocs\\projekt\\owner_dashboard.php on line 162, referer: http://localhost/projekt/owner_dashboard.php
[Fri Apr 25 18:59:03.585977 2025] [php:warn] [pid 5904:tid 1844] [client ::1:57676] PHP Warning:  foreach() argument must be of type array|object, null given in C:\\Users\\user\\Desktop\\GymProjekt\\xampp\\htdocs\\projekt\\owner_dashboard.php on line 162, referer: http://localhost/projekt/owner_dashboard.php
[Fri Apr 25 18:59:13.868133 2025] [php:error] [pid 5904:tid 1860] [client ::1:57686] PHP Fatal error:  Uncaught Error: Call to a member function bind_param() on bool in C:\\Users\\user\\Desktop\\GymProjekt\\xampp\\htdocs\\projekt\\owner_dashboard.php:64\nStack trace:\n#0 {main}\n  thrown in C:\\Users\\user\\Desktop\\GymProjekt\\xampp\\htdocs\\projekt\\owner_dashboard.php on line 64, referer: http://localhost/projekt/owner_dashboard.php
[Fri Apr 25 19:01:06.502364 2025] [php:warn] [pid 5904:tid 1844] [client ::1:57751] PHP Warning:  Undefined variable $gym_list in C:\\Users\\user\\Desktop\\GymProjekt\\xampp\\htdocs\\projekt\\owner_dashboard.php on line 162, referer: http://localhost/projekt/view_trainer.php?trainer_id=T67d405ad7f016
[Fri Apr 25 19:01:06.502364 2025] [php:warn] [pid 5904:tid 1844] [client ::1:57751] PHP Warning:  foreach() argument must be of type array|object, null given in C:\\Users\\user\\Desktop\\GymProjekt\\xampp\\htdocs\\projekt\\owner_dashboard.php on line 162, referer: http://localhost/projekt/view_trainer.php?trainer_id=T67d405ad7f016
[Fri Apr 25 19:01:25.816441 2025] [php:warn] [pid 5904:tid 1844] [client ::1:57760] PHP Warning:  Undefined variable $gym_list in C:\\Users\\user\\Desktop\\GymProjekt\\xampp\\htdocs\\projekt\\owner_dashboard.php on line 162, referer: http://localhost/projekt/view_trainer.php?trainer_id=T680bbf49c246d
[Fri Apr 25 19:01:25.816441 2025] [php:warn] [pid 5904:tid 1844] [client ::1:57760] PHP Warning:  foreach() argument must be of type array|object, null given in C:\\Users\\user\\Desktop\\GymProjekt\\xampp\\htdocs\\projekt\\owner_dashboard.php on line 162, referer: http://localhost/projekt/view_trainer.php?trainer_id=T680bbf49c246d
[Fri Apr 25 19:01:38.302229 2025] [php:warn] [pid 5904:tid 1860] [client ::1:57764] PHP Warning:  Undefined variable $gym_list in C:\\Users\\user\\Desktop\\GymProjekt\\xampp\\htdocs\\projekt\\owner_dashboard.php on line 162, referer: http://localhost/projekt/view_trainer.php?trainer_id=T680bbf578baaa
[Fri Apr 25 19:01:38.303229 2025] [php:warn] [pid 5904:tid 1860] [client ::1:57764] PHP Warning:  foreach() argument must be of type array|object, null given in C:\\Users\\user\\Desktop\\GymProjekt\\xampp\\htdocs\\projekt\\owner_dashboard.php on line 162, referer: http://localhost/projekt/view_trainer.php?trainer_id=T680bbf578baaa
[Fri Apr 25 19:03:07.861602 2025] [php:warn] [pid 5904:tid 1844] [client ::1:57821] PHP Warning:  Undefined variable $gym_list in C:\\Users\\user\\Desktop\\GymProjekt\\xampp\\htdocs\\projekt\\owner_dashboard.php on line 162, referer: http://localhost/projekt/view_trainer.php?trainer_id=T67d172e22c301
[Fri Apr 25 19:03:07.861602 2025] [php:warn] [pid 5904:tid 1844] [client ::1:57821] PHP Warning:  foreach() argument must be of type array|object, null given in C:\\Users\\user\\Desktop\\GymProjekt\\xampp\\htdocs\\projekt\\owner_dashboard.php on line 162, referer: http://localhost/projekt/view_trainer.php?trainer_id=T67d172e22c301
[Fri Apr 25 19:12:00.237392 2025] [php:warn] [pid 5904:tid 1860] [client ::1:58088] PHP Warning:  Undefined variable $gym_list in C:\\Users\\user\\Desktop\\GymProjekt\\xampp\\htdocs\\projekt\\owner_dashboard.php on line 162, referer: http://localhost/projekt/view_trainer.php?trainer_id=T67d172e22c301
[Fri Apr 25 19:12:00.237392 2025] [php:warn] [pid 5904:tid 1860] [client ::1:58088] PHP Warning:  foreach() argument must be of type array|object, null given in C:\\Users\\user\\Desktop\\GymProjekt\\xampp\\htdocs\\projekt\\owner_dashboard.php on line 162, referer: http://localhost/projekt/view_trainer.php?trainer_id=T67d172e22c301
[Fri Apr 25 19:12:03.540042 2025] [php:warn] [pid 5904:tid 1860] [client ::1:58088] PHP Warning:  Undefined variable $gym_list in C:\\Users\\user\\Desktop\\GymProjekt\\xampp\\htdocs\\projekt\\owner_dashboard.php on line 162, referer: http://localhost/projekt/view_trainer.php?trainer_id=T67d1746030dcf
[Fri Apr 25 19:12:03.540042 2025] [php:warn] [pid 5904:tid 1860] [client ::1:58088] PHP Warning:  foreach() argument must be of type array|object, null given in C:\\Users\\user\\Desktop\\GymProjekt\\xampp\\htdocs\\projekt\\owner_dashboard.php on line 162, referer: http://localhost/projekt/view_trainer.php?trainer_id=T67d1746030dcf
[Fri Apr 25 19:12:12.919745 2025] [php:warn] [pid 5904:tid 1844] [client ::1:58089] PHP Warning:  Undefined variable $gym_list in C:\\Users\\user\\Desktop\\GymProjekt\\xampp\\htdocs\\projekt\\owner_dashboard.php on line 162, referer: http://localhost/projekt/owner_dashboard.php
[Fri Apr 25 19:12:12.919745 2025] [php:warn] [pid 5904:tid 1844] [client ::1:58089] PHP Warning:  foreach() argument must be of type array|object, null given in C:\\Users\\user\\Desktop\\GymProjekt\\xampp\\htdocs\\projekt\\owner_dashboard.php on line 162, referer: http://localhost/projekt/owner_dashboard.php
[Fri Apr 25 19:12:24.799907 2025] [php:warn] [pid 5904:tid 1860] [client ::1:58107] PHP Warning:  Undefined variable $gym_list in C:\\Users\\user\\Desktop\\GymProjekt\\xampp\\htdocs\\projekt\\owner_dashboard.php on line 162, referer: http://localhost/projekt/view_trainer.php?trainer_id=T67d1746030dcf
[Fri Apr 25 19:12:24.800907 2025] [php:warn] [pid 5904:tid 1860] [client ::1:58107] PHP Warning:  foreach() argument must be of type array|object, null given in C:\\Users\\user\\Desktop\\GymProjekt\\xampp\\htdocs\\projekt\\owner_dashboard.php on line 162, referer: http://localhost/projekt/view_trainer.php?trainer_id=T67d1746030dcf
[Fri Apr 25 19:13:46.935939 2025] [php:warn] [pid 5904:tid 1844] [client ::1:58156] PHP Warning:  Undefined variable $gym_list in C:\\Users\\user\\Desktop\\GymProjekt\\xampp\\htdocs\\projekt\\owner_dashboard.php on line 162, referer: http://localhost/projekt/owner_dashboard.php
[Fri Apr 25 19:13:46.935939 2025] [php:warn] [pid 5904:tid 1844] [client ::1:58156] PHP Warning:  foreach() argument must be of type array|object, null given in C:\\Users\\user\\Desktop\\GymProjekt\\xampp\\htdocs\\projekt\\owner_dashboard.php on line 162, referer: http://localhost/projekt/owner_dashboard.php
[Fri Apr 25 19:13:58.035784 2025] [php:warn] [pid 5904:tid 1860] [client ::1:58157] PHP Warning:  Undefined variable $gym_list in C:\\Users\\user\\Desktop\\GymProjekt\\xampp\\htdocs\\projekt\\owner_dashboard.php on line 162, referer: http://localhost/projekt/view_trainer.php?trainer_id=T67d1746030dcf
[Fri Apr 25 19:13:58.035784 2025] [php:warn] [pid 5904:tid 1860] [client ::1:58157] PHP Warning:  foreach() argument must be of type array|object, null given in C:\\Users\\user\\Desktop\\GymProjekt\\xampp\\htdocs\\projekt\\owner_dashboard.php on line 162, referer: http://localhost/projekt/view_trainer.php?trainer_id=T67d1746030dcf
[Fri Apr 25 19:33:56.046383 2025] [php:warn] [pid 5904:tid 1844] [client ::1:58741] PHP Warning:  Undefined variable $gym_list in C:\\Users\\user\\Desktop\\GymProjekt\\xampp\\htdocs\\projekt\\owner_dashboard.php on line 162, referer: http://localhost/projekt/owner_dashboard.php
[Fri Apr 25 19:33:56.047383 2025] [php:warn] [pid 5904:tid 1844] [client ::1:58741] PHP Warning:  foreach() argument must be of type array|object, null given in C:\\Users\\user\\Desktop\\GymProjekt\\xampp\\htdocs\\projekt\\owner_dashboard.php on line 162, referer: http://localhost/projekt/owner_dashboard.php
[Fri Apr 25 19:34:04.757198 2025] [php:warn] [pid 5904:tid 1860] [client ::1:58742] PHP Warning:  Undefined variable $gym_list in C:\\Users\\user\\Desktop\\GymProjekt\\xampp\\htdocs\\projekt\\owner_dashboard.php on line 162, referer: http://localhost/projekt/view_trainer.php?trainer_id=T680bc784080f5
[Fri Apr 25 19:34:04.757198 2025] [php:warn] [pid 5904:tid 1860] [client ::1:58742] PHP Warning:  foreach() argument must be of type array|object, null given in C:\\Users\\user\\Desktop\\GymProjekt\\xampp\\htdocs\\projekt\\owner_dashboard.php on line 162, referer: http://localhost/projekt/view_trainer.php?trainer_id=T680bc784080f5
[Fri Apr 25 19:34:24.065562 2025] [php:warn] [pid 5904:tid 1844] [client ::1:58753] PHP Warning:  Undefined variable $gym_list in C:\\Users\\user\\Desktop\\GymProjekt\\xampp\\htdocs\\projekt\\owner_dashboard.php on line 162, referer: http://localhost/projekt/owner_dashboard.php
[Fri Apr 25 19:34:24.066563 2025] [php:warn] [pid 5904:tid 1844] [client ::1:58753] PHP Warning:  foreach() argument must be of type array|object, null given in C:\\Users\\user\\Desktop\\GymProjekt\\xampp\\htdocs\\projekt\\owner_dashboard.php on line 162, referer: http://localhost/projekt/owner_dashboard.php
[Fri Apr 25 19:34:31.685228 2025] [php:warn] [pid 5904:tid 1860] [client ::1:58767] PHP Warning:  Undefined variable $gym_list in C:\\Users\\user\\Desktop\\GymProjekt\\xampp\\htdocs\\projekt\\owner_dashboard.php on line 162, referer: http://localhost/projekt/owner_dashboard.php
[Fri Apr 25 19:34:31.685228 2025] [php:warn] [pid 5904:tid 1860] [client ::1:58767] PHP Warning:  foreach() argument must be of type array|object, null given in C:\\Users\\user\\Desktop\\GymProjekt\\xampp\\htdocs\\projekt\\owner_dashboard.php on line 162, referer: http://localhost/projekt/owner_dashboard.php
[Fri Apr 25 19:34:45.887278 2025] [php:warn] [pid 5904:tid 1844] [client ::1:58773] PHP Warning:  Undefined variable $gym_list in C:\\Users\\user\\Desktop\\GymProjekt\\xampp\\htdocs\\projekt\\owner_dashboard.php on line 162, referer: http://localhost/projekt/owner_dashboard.php
[Fri Apr 25 19:34:45.887278 2025] [php:warn] [pid 5904:tid 1844] [client ::1:58773] PHP Warning:  foreach() argument must be of type array|object, null given in C:\\Users\\user\\Desktop\\GymProjekt\\xampp\\htdocs\\projekt\\owner_dashboard.php on line 162, referer: http://localhost/projekt/owner_dashboard.php
[Fri Apr 25 19:34:47.594023 2025] [php:warn] [pid 5904:tid 1844] [client ::1:58773] PHP Warning:  Undefined variable $gym_list in C:\\Users\\user\\Desktop\\GymProjekt\\xampp\\htdocs\\projekt\\owner_dashboard.php on line 162, referer: http://localhost/projekt/owner_dashboard.php
[Fri Apr 25 19:34:47.594023 2025] [php:warn] [pid 5904:tid 1844] [client ::1:58773] PHP Warning:  foreach() argument must be of type array|object, null given in C:\\Users\\user\\Desktop\\GymProjekt\\xampp\\htdocs\\projekt\\owner_dashboard.php on line 162, referer: http://localhost/projekt/owner_dashboard.php
[Fri Apr 25 19:34:51.484198 2025] [php:warn] [pid 5904:tid 1856] [client ::1:58786] PHP Warning:  Undefined variable $gym_list in C:\\Users\\user\\Desktop\\GymProjekt\\xampp\\htdocs\\projekt\\owner_dashboard.php on line 162, referer: http://localhost/projekt/owner_dashboard.php
[Fri Apr 25 19:34:51.484198 2025] [php:warn] [pid 5904:tid 1856] [client ::1:58786] PHP Warning:  foreach() argument must be of type array|object, null given in C:\\Users\\user\\Desktop\\GymProjekt\\xampp\\htdocs\\projekt\\owner_dashboard.php on line 162, referer: http://localhost/projekt/owner_dashboard.php
[Fri Apr 25 19:34:52.015256 2025] [php:warn] [pid 5904:tid 1856] [client ::1:58786] PHP Warning:  Undefined variable $gym_list in C:\\Users\\user\\Desktop\\GymProjekt\\xampp\\htdocs\\projekt\\owner_dashboard.php on line 162, referer: http://localhost/projekt/owner_dashboard.php
[Fri Apr 25 19:34:52.015256 2025] [php:warn] [pid 5904:tid 1856] [client ::1:58786] PHP Warning:  foreach() argument must be of type array|object, null given in C:\\Users\\user\\Desktop\\GymProjekt\\xampp\\htdocs\\projekt\\owner_dashboard.php on line 162, referer: http://localhost/projekt/owner_dashboard.php
[Fri Apr 25 19:34:52.152287 2025] [php:warn] [pid 5904:tid 1856] [client ::1:58786] PHP Warning:  Undefined variable $gym_list in C:\\Users\\user\\Desktop\\GymProjekt\\xampp\\htdocs\\projekt\\owner_dashboard.php on line 162, referer: http://localhost/projekt/owner_dashboard.php
[Fri Apr 25 19:34:52.153287 2025] [php:warn] [pid 5904:tid 1856] [client ::1:58786] PHP Warning:  foreach() argument must be of type array|object, null given in C:\\Users\\user\\Desktop\\GymProjekt\\xampp\\htdocs\\projekt\\owner_dashboard.php on line 162, referer: http://localhost/projekt/owner_dashboard.php
[Fri Apr 25 19:34:52.271288 2025] [php:warn] [pid 5904:tid 1856] [client ::1:58786] PHP Warning:  Undefined variable $gym_list in C:\\Users\\user\\Desktop\\GymProjekt\\xampp\\htdocs\\projekt\\owner_dashboard.php on line 162, referer: http://localhost/projekt/owner_dashboard.php
[Fri Apr 25 19:34:52.271288 2025] [php:warn] [pid 5904:tid 1856] [client ::1:58786] PHP Warning:  foreach() argument must be of type array|object, null given in C:\\Users\\user\\Desktop\\GymProjekt\\xampp\\htdocs\\projekt\\owner_dashboard.php on line 162, referer: http://localhost/projekt/owner_dashboard.php
[Fri Apr 25 19:34:52.364196 2025] [php:warn] [pid 5904:tid 1856] [client ::1:58786] PHP Warning:  Undefined variable $gym_list in C:\\Users\\user\\Desktop\\GymProjekt\\xampp\\htdocs\\projekt\\owner_dashboard.php on line 162, referer: http://localhost/projekt/owner_dashboard.php
[Fri Apr 25 19:34:52.364196 2025] [php:warn] [pid 5904:tid 1856] [client ::1:58786] PHP Warning:  foreach() argument must be of type array|object, null given in C:\\Users\\user\\Desktop\\GymProjekt\\xampp\\htdocs\\projekt\\owner_dashboard.php on line 162, referer: http://localhost/projekt/owner_dashboard.php
[Fri Apr 25 19:35:01.336464 2025] [php:warn] [pid 5904:tid 1856] [client ::1:58806] PHP Warning:  Undefined variable $gym_list in C:\\Users\\user\\Desktop\\GymProjekt\\xampp\\htdocs\\projekt\\owner_dashboard.php on line 162, referer: http://localhost/projekt/owner_dashboard.php
[Fri Apr 25 19:35:01.336464 2025] [php:warn] [pid 5904:tid 1856] [client ::1:58806] PHP Warning:  foreach() argument must be of type array|object, null given in C:\\Users\\user\\Desktop\\GymProjekt\\xampp\\htdocs\\projekt\\owner_dashboard.php on line 162, referer: http://localhost/projekt/owner_dashboard.php
[Fri Apr 25 19:35:30.594352 2025] [php:warn] [pid 5904:tid 1844] [client ::1:58838] PHP Warning:  Undefined variable $gym_list in C:\\Users\\user\\Desktop\\GymProjekt\\xampp\\htdocs\\projekt\\owner_dashboard.php on line 162, referer: http://localhost/projekt/view_trainer.php?trainer_id=T680bc7c551291
[Fri Apr 25 19:35:30.594352 2025] [php:warn] [pid 5904:tid 1844] [client ::1:58838] PHP Warning:  foreach() argument must be of type array|object, null given in C:\\Users\\user\\Desktop\\GymProjekt\\xampp\\htdocs\\projekt\\owner_dashboard.php on line 162, referer: http://localhost/projekt/view_trainer.php?trainer_id=T680bc7c551291
[Fri Apr 25 19:37:06.489636 2025] [php:warn] [pid 5904:tid 1848] [client ::1:58887] PHP Warning:  Undefined variable $gym_list in C:\\Users\\user\\Desktop\\GymProjekt\\xampp\\htdocs\\projekt\\owner_dashboard.php on line 162, referer: http://localhost/projekt/owner_dashboard.php
[Fri Apr 25 19:37:06.489636 2025] [php:warn] [pid 5904:tid 1848] [client ::1:58887] PHP Warning:  foreach() argument must be of type array|object, null given in C:\\Users\\user\\Desktop\\GymProjekt\\xampp\\htdocs\\projekt\\owner_dashboard.php on line 162, referer: http://localhost/projekt/owner_dashboard.php
[Fri Apr 25 19:37:11.926778 2025] [php:warn] [pid 5904:tid 1848] [client ::1:58887] PHP Warning:  Undefined variable $gym_list in C:\\Users\\user\\Desktop\\GymProjekt\\xampp\\htdocs\\projekt\\owner_dashboard.php on line 162, referer: http://localhost/projekt/view_trainer.php?trainer_id=T680bc84276576
[Fri Apr 25 19:37:11.927780 2025] [php:warn] [pid 5904:tid 1848] [client ::1:58887] PHP Warning:  foreach() argument must be of type array|object, null given in C:\\Users\\user\\Desktop\\GymProjekt\\xampp\\htdocs\\projekt\\owner_dashboard.php on line 162, referer: http://localhost/projekt/view_trainer.php?trainer_id=T680bc84276576
[Fri Apr 25 19:37:36.818565 2025] [php:warn] [pid 5904:tid 1844] [client ::1:58888] PHP Warning:  Undefined variable $gym_list in C:\\Users\\user\\Desktop\\GymProjekt\\xampp\\htdocs\\projekt\\owner_dashboard.php on line 162, referer: http://localhost/projekt/owner_dashboard.php
[Fri Apr 25 19:37:36.818565 2025] [php:warn] [pid 5904:tid 1844] [client ::1:58888] PHP Warning:  foreach() argument must be of type array|object, null given in C:\\Users\\user\\Desktop\\GymProjekt\\xampp\\htdocs\\projekt\\owner_dashboard.php on line 162, referer: http://localhost/projekt/owner_dashboard.php
[Fri Apr 25 19:37:48.553840 2025] [php:warn] [pid 5904:tid 1848] [client ::1:58910] PHP Warning:  Undefined variable $gym_list in C:\\Users\\user\\Desktop\\GymProjekt\\xampp\\htdocs\\projekt\\owner_dashboard.php on line 162, referer: http://localhost/projekt/view_trainer.php?trainer_id=T680bc860c3c64
[Fri Apr 25 19:37:48.553840 2025] [php:warn] [pid 5904:tid 1848] [client ::1:58910] PHP Warning:  foreach() argument must be of type array|object, null given in C:\\Users\\user\\Desktop\\GymProjekt\\xampp\\htdocs\\projekt\\owner_dashboard.php on line 162, referer: http://localhost/projekt/view_trainer.php?trainer_id=T680bc860c3c64
[Fri Apr 25 19:40:03.496510 2025] [php:warn] [pid 5904:tid 1860] [client ::1:59033] PHP Warning:  Undefined variable $gym_list in C:\\Users\\user\\Desktop\\GymProjekt\\xampp\\htdocs\\projekt\\owner_dashboard.php on line 162, referer: http://localhost/projekt/owner_dashboard.php
[Fri Apr 25 19:40:03.496510 2025] [php:warn] [pid 5904:tid 1860] [client ::1:59033] PHP Warning:  foreach() argument must be of type array|object, null given in C:\\Users\\user\\Desktop\\GymProjekt\\xampp\\htdocs\\projekt\\owner_dashboard.php on line 162, referer: http://localhost/projekt/owner_dashboard.php
[Fri Apr 25 19:40:09.222221 2025] [php:warn] [pid 5904:tid 1860] [client ::1:59033] PHP Warning:  Undefined variable $gym_list in C:\\Users\\user\\Desktop\\GymProjekt\\xampp\\htdocs\\projekt\\owner_dashboard.php on line 162, referer: http://localhost/projekt/view_trainer.php?trainer_id=T680bc8f375f89
[Fri Apr 25 19:40:09.222221 2025] [php:warn] [pid 5904:tid 1860] [client ::1:59033] PHP Warning:  foreach() argument must be of type array|object, null given in C:\\Users\\user\\Desktop\\GymProjekt\\xampp\\htdocs\\projekt\\owner_dashboard.php on line 162, referer: http://localhost/projekt/view_trainer.php?trainer_id=T680bc8f375f89
[Fri Apr 25 19:40:17.180247 2025] [php:warn] [pid 5904:tid 1856] [client ::1:59034] PHP Warning:  Undefined variable $gym_list in C:\\Users\\user\\Desktop\\GymProjekt\\xampp\\htdocs\\projekt\\owner_dashboard.php on line 162, referer: http://localhost/projekt/owner_dashboard.php
[Fri Apr 25 19:40:17.180247 2025] [php:warn] [pid 5904:tid 1856] [client ::1:59034] PHP Warning:  foreach() argument must be of type array|object, null given in C:\\Users\\user\\Desktop\\GymProjekt\\xampp\\htdocs\\projekt\\owner_dashboard.php on line 162, referer: http://localhost/projekt/owner_dashboard.php
[Fri Apr 25 19:40:25.964411 2025] [php:warn] [pid 5904:tid 1856] [client ::1:59034] PHP Warning:  Undefined variable $gym_list in C:\\Users\\user\\Desktop\\GymProjekt\\xampp\\htdocs\\projekt\\owner_dashboard.php on line 162, referer: http://localhost/projekt/view_trainer.php?trainer_id=T680bc90129a3b
[Fri Apr 25 19:40:25.964411 2025] [php:warn] [pid 5904:tid 1856] [client ::1:59034] PHP Warning:  foreach() argument must be of type array|object, null given in C:\\Users\\user\\Desktop\\GymProjekt\\xampp\\htdocs\\projekt\\owner_dashboard.php on line 162, referer: http://localhost/projekt/view_trainer.php?trainer_id=T680bc90129a3b
[Fri Apr 25 20:13:56.298029 2025] [php:warn] [pid 5904:tid 1844] [client ::1:60021] PHP Warning:  Undefined variable $gym_list in C:\\Users\\user\\Desktop\\GymProjekt\\xampp\\htdocs\\projekt\\owner_dashboard.php on line 162, referer: http://localhost/projekt/gyms.php
[Fri Apr 25 20:13:56.298029 2025] [php:warn] [pid 5904:tid 1844] [client ::1:60021] PHP Warning:  foreach() argument must be of type array|object, null given in C:\\Users\\user\\Desktop\\GymProjekt\\xampp\\htdocs\\projekt\\owner_dashboard.php on line 162, referer: http://localhost/projekt/gyms.php
[Fri Apr 25 20:13:56.398113 2025] [php:warn] [pid 5904:tid 1844] [client ::1:60021] PHP Warning:  Undefined variable $gym_list in C:\\Users\\user\\Desktop\\GymProjekt\\xampp\\htdocs\\projekt\\owner_dashboard.php on line 162, referer: http://localhost/projekt/owner_dashboard.php
[Fri Apr 25 20:13:56.398113 2025] [php:warn] [pid 5904:tid 1844] [client ::1:60021] PHP Warning:  foreach() argument must be of type array|object, null given in C:\\Users\\user\\Desktop\\GymProjekt\\xampp\\htdocs\\projekt\\owner_dashboard.php on line 162, referer: http://localhost/projekt/owner_dashboard.php
[Fri Apr 25 20:20:14.734607 2025] [php:warn] [pid 5904:tid 1848] [client ::1:60229] PHP Warning:  Undefined variable $gym_list in C:\\Users\\user\\Desktop\\GymProjekt\\xampp\\htdocs\\projekt\\owner_dashboard.php on line 162, referer: http://localhost/projekt/gyms.php
[Fri Apr 25 20:20:14.735609 2025] [php:warn] [pid 5904:tid 1848] [client ::1:60229] PHP Warning:  foreach() argument must be of type array|object, null given in C:\\Users\\user\\Desktop\\GymProjekt\\xampp\\htdocs\\projekt\\owner_dashboard.php on line 162, referer: http://localhost/projekt/gyms.php
[Fri Apr 25 20:20:21.785652 2025] [php:warn] [pid 5904:tid 1848] [client ::1:60229] PHP Warning:  Undefined variable $gym_list in C:\\Users\\user\\Desktop\\GymProjekt\\xampp\\htdocs\\projekt\\owner_dashboard.php on line 162, referer: http://localhost/projekt/view_trainer.php?trainer_id=T67d172e22c301
[Fri Apr 25 20:20:21.786652 2025] [php:warn] [pid 5904:tid 1848] [client ::1:60229] PHP Warning:  foreach() argument must be of type array|object, null given in C:\\Users\\user\\Desktop\\GymProjekt\\xampp\\htdocs\\projekt\\owner_dashboard.php on line 162, referer: http://localhost/projekt/view_trainer.php?trainer_id=T67d172e22c301
[Fri Apr 25 20:20:33.958089 2025] [php:warn] [pid 5904:tid 1844] [client ::1:60238] PHP Warning:  Undefined variable $gym_list in C:\\Users\\user\\Desktop\\GymProjekt\\xampp\\htdocs\\projekt\\owner_dashboard.php on line 162, referer: http://localhost/projekt/view_gym.php?gym_id=GYM67d004f95ac68
[Fri Apr 25 20:20:33.958089 2025] [php:warn] [pid 5904:tid 1844] [client ::1:60238] PHP Warning:  foreach() argument must be of type array|object, null given in C:\\Users\\user\\Desktop\\GymProjekt\\xampp\\htdocs\\projekt\\owner_dashboard.php on line 162, referer: http://localhost/projekt/view_gym.php?gym_id=GYM67d004f95ac68
[Fri Apr 25 20:33:06.915194 2025] [php:warn] [pid 5904:tid 1848] [client ::1:60703] PHP Warning:  Undefined variable $gym_list in C:\\Users\\user\\Desktop\\GymProjekt\\xampp\\htdocs\\projekt\\owner_dashboard.php on line 162, referer: http://localhost/projekt/edit_trainer.php?trainer_id=T67d1746030dcf
[Fri Apr 25 20:33:06.915194 2025] [php:warn] [pid 5904:tid 1848] [client ::1:60703] PHP Warning:  foreach() argument must be of type array|object, null given in C:\\Users\\user\\Desktop\\GymProjekt\\xampp\\htdocs\\projekt\\owner_dashboard.php on line 162, referer: http://localhost/projekt/edit_trainer.php?trainer_id=T67d1746030dcf
[Fri Apr 25 20:33:29.519056 2025] [php:warn] [pid 5904:tid 1848] [client ::1:60717] PHP Warning:  Undefined variable $gym_list in C:\\Users\\user\\Desktop\\GymProjekt\\xampp\\htdocs\\projekt\\owner_dashboard.php on line 162, referer: http://localhost/projekt/edit_trainer.php?trainer_id=T67d1746030dcf
[Fri Apr 25 20:33:29.520057 2025] [php:warn] [pid 5904:tid 1848] [client ::1:60717] PHP Warning:  foreach() argument must be of type array|object, null given in C:\\Users\\user\\Desktop\\GymProjekt\\xampp\\htdocs\\projekt\\owner_dashboard.php on line 162, referer: http://localhost/projekt/edit_trainer.php?trainer_id=T67d1746030dcf
[Fri Apr 25 20:33:42.056871 2025] [php:warn] [pid 5904:tid 1844] [client ::1:60728] PHP Warning:  Undefined variable $gym_list in C:\\Users\\user\\Desktop\\GymProjekt\\xampp\\htdocs\\projekt\\owner_dashboard.php on line 162, referer: http://localhost/projekt/edit_trainer.php?trainer_id=T67d1746030dcf
[Fri Apr 25 20:33:42.057872 2025] [php:warn] [pid 5904:tid 1844] [client ::1:60728] PHP Warning:  foreach() argument must be of type array|object, null given in C:\\Users\\user\\Desktop\\GymProjekt\\xampp\\htdocs\\projekt\\owner_dashboard.php on line 162, referer: http://localhost/projekt/edit_trainer.php?trainer_id=T67d1746030dcf
[Fri Apr 25 20:33:44.205047 2025] [php:warn] [pid 5904:tid 1844] [client ::1:60728] PHP Warning:  Undefined variable $gym_list in C:\\Users\\user\\Desktop\\GymProjekt\\xampp\\htdocs\\projekt\\owner_dashboard.php on line 162, referer: http://localhost/projekt/edit_trainer.php?trainer_id=T67d1746030dcf
[Fri Apr 25 20:33:44.206048 2025] [php:warn] [pid 5904:tid 1844] [client ::1:60728] PHP Warning:  foreach() argument must be of type array|object, null given in C:\\Users\\user\\Desktop\\GymProjekt\\xampp\\htdocs\\projekt\\owner_dashboard.php on line 162, referer: http://localhost/projekt/edit_trainer.php?trainer_id=T67d1746030dcf
[Fri Apr 25 20:33:49.331697 2025] [php:warn] [pid 5904:tid 1844] [client ::1:60728] PHP Warning:  Undefined variable $gym_list in C:\\Users\\user\\Desktop\\GymProjekt\\xampp\\htdocs\\projekt\\owner_dashboard.php on line 162, referer: http://localhost/projekt/edit_trainer.php?trainer_id=T67d1746030dcf
[Fri Apr 25 20:33:49.331697 2025] [php:warn] [pid 5904:tid 1844] [client ::1:60728] PHP Warning:  foreach() argument must be of type array|object, null given in C:\\Users\\user\\Desktop\\GymProjekt\\xampp\\htdocs\\projekt\\owner_dashboard.php on line 162, referer: http://localhost/projekt/edit_trainer.php?trainer_id=T67d1746030dcf
[Fri Apr 25 20:33:54.066267 2025] [php:warn] [pid 5904:tid 1844] [client ::1:60728] PHP Warning:  Undefined variable $gym_list in C:\\Users\\user\\Desktop\\GymProjekt\\xampp\\htdocs\\projekt\\owner_dashboard.php on line 162, referer: http://localhost/projekt/view_trainer.php?trainer_id=T67d172e22c301
[Fri Apr 25 20:33:54.066267 2025] [php:warn] [pid 5904:tid 1844] [client ::1:60728] PHP Warning:  foreach() argument must be of type array|object, null given in C:\\Users\\user\\Desktop\\GymProjekt\\xampp\\htdocs\\projekt\\owner_dashboard.php on line 162, referer: http://localhost/projekt/view_trainer.php?trainer_id=T67d172e22c301
[Fri Apr 25 20:38:48.748781 2025] [php:warn] [pid 5904:tid 1844] [client ::1:60905] PHP Warning:  Undefined array key "trainer_mobilenum" in C:\\Users\\user\\Desktop\\GymProjekt\\xampp\\htdocs\\projekt\\edit_trainer.php on line 36, referer: http://localhost/projekt/edit_trainer.php?trainer_id=T67d177f7ea8d0
[Fri Apr 25 20:40:36.424351 2025] [php:warn] [pid 5904:tid 1844] [client ::1:60955] PHP Warning:  Undefined variable $gym_list in C:\\Users\\user\\Desktop\\GymProjekt\\xampp\\htdocs\\projekt\\owner_dashboard.php on line 162, referer: http://localhost/projekt/edit_trainer.php?trainer_id=T67d177f7ea8d0
[Fri Apr 25 20:40:36.425351 2025] [php:warn] [pid 5904:tid 1844] [client ::1:60955] PHP Warning:  foreach() argument must be of type array|object, null given in C:\\Users\\user\\Desktop\\GymProjekt\\xampp\\htdocs\\projekt\\owner_dashboard.php on line 162, referer: http://localhost/projekt/edit_trainer.php?trainer_id=T67d177f7ea8d0
[Fri Apr 25 20:41:32.372585 2025] [php:warn] [pid 5904:tid 1848] [client ::1:60961] PHP Warning:  Undefined variable $gym_list in C:\\Users\\user\\Desktop\\GymProjekt\\xampp\\htdocs\\projekt\\owner_dashboard.php on line 162, referer: http://localhost/projekt/edit_trainer.php?trainer_id=T67d177f7ea8d0
[Fri Apr 25 20:41:32.372585 2025] [php:warn] [pid 5904:tid 1848] [client ::1:60961] PHP Warning:  foreach() argument must be of type array|object, null given in C:\\Users\\user\\Desktop\\GymProjekt\\xampp\\htdocs\\projekt\\owner_dashboard.php on line 162, referer: http://localhost/projekt/edit_trainer.php?trainer_id=T67d177f7ea8d0
[Fri Apr 25 20:41:45.255899 2025] [php:warn] [pid 5904:tid 1844] [client ::1:60991] PHP Warning:  Undefined variable $gym_list in C:\\Users\\user\\Desktop\\GymProjekt\\xampp\\htdocs\\projekt\\owner_dashboard.php on line 162, referer: http://localhost/projekt/edit_trainer.php?trainer_id=T67d177f7ea8d0
[Fri Apr 25 20:41:45.255899 2025] [php:warn] [pid 5904:tid 1844] [client ::1:60991] PHP Warning:  foreach() argument must be of type array|object, null given in C:\\Users\\user\\Desktop\\GymProjekt\\xampp\\htdocs\\projekt\\owner_dashboard.php on line 162, referer: http://localhost/projekt/edit_trainer.php?trainer_id=T67d177f7ea8d0
[Fri Apr 25 20:42:05.408918 2025] [php:warn] [pid 5904:tid 1844] [client ::1:60991] PHP Warning:  Undefined variable $gym_list in C:\\Users\\user\\Desktop\\GymProjekt\\xampp\\htdocs\\projekt\\owner_dashboard.php on line 162, referer: http://localhost/projekt/edit_trainer.php?trainer_id=T67d401521d0e8
[Fri Apr 25 20:42:05.408918 2025] [php:warn] [pid 5904:tid 1844] [client ::1:60991] PHP Warning:  foreach() argument must be of type array|object, null given in C:\\Users\\user\\Desktop\\GymProjekt\\xampp\\htdocs\\projekt\\owner_dashboard.php on line 162, referer: http://localhost/projekt/edit_trainer.php?trainer_id=T67d401521d0e8
[Fri Apr 25 20:42:54.864265 2025] [php:warn] [pid 5904:tid 1848] [client ::1:61051] PHP Warning:  Undefined variable $gym_list in C:\\Users\\user\\Desktop\\GymProjekt\\xampp\\htdocs\\projekt\\owner_dashboard.php on line 162, referer: http://localhost/projekt/view_gym.php?gym_id=GYM67d01bdb2af4c
[Fri Apr 25 20:42:54.865265 2025] [php:warn] [pid 5904:tid 1848] [client ::1:61051] PHP Warning:  foreach() argument must be of type array|object, null given in C:\\Users\\user\\Desktop\\GymProjekt\\xampp\\htdocs\\projekt\\owner_dashboard.php on line 162, referer: http://localhost/projekt/view_gym.php?gym_id=GYM67d01bdb2af4c
[Fri Apr 25 20:52:49.964627 2025] [php:warn] [pid 5904:tid 1844] [client ::1:61381] PHP Warning:  Undefined variable $gym_list in C:\\Users\\user\\Desktop\\GymProjekt\\xampp\\htdocs\\projekt\\owner_dashboard.php on line 138, referer: http://localhost/projekt/gyms.php
[Fri Apr 25 20:52:49.964627 2025] [php:warn] [pid 5904:tid 1844] [client ::1:61381] PHP Warning:  foreach() argument must be of type array|object, null given in C:\\Users\\user\\Desktop\\GymProjekt\\xampp\\htdocs\\projekt\\owner_dashboard.php on line 138, referer: http://localhost/projekt/gyms.php
[Fri Apr 25 20:52:51.124571 2025] [php:warn] [pid 5904:tid 1844] [client ::1:61381] PHP Warning:  Undefined variable $gym_list in C:\\Users\\user\\Desktop\\GymProjekt\\xampp\\htdocs\\projekt\\owner_dashboard.php on line 138, referer: http://localhost/projekt/owner_dashboard.php
[Fri Apr 25 20:52:51.124571 2025] [php:warn] [pid 5904:tid 1844] [client ::1:61381] PHP Warning:  foreach() argument must be of type array|object, null given in C:\\Users\\user\\Desktop\\GymProjekt\\xampp\\htdocs\\projekt\\owner_dashboard.php on line 138, referer: http://localhost/projekt/owner_dashboard.php
[Fri Apr 25 20:55:40.026993 2025] [php:warn] [pid 5904:tid 1844] [client ::1:61482] PHP Warning:  Undefined variable $gym_list in C:\\Users\\user\\Desktop\\GymProjekt\\xampp\\htdocs\\projekt\\owner_dashboard.php on line 138, referer: http://localhost/projekt/index.php
[Fri Apr 25 20:55:40.026993 2025] [php:warn] [pid 5904:tid 1844] [client ::1:61482] PHP Warning:  foreach() argument must be of type array|object, null given in C:\\Users\\user\\Desktop\\GymProjekt\\xampp\\htdocs\\projekt\\owner_dashboard.php on line 138, referer: http://localhost/projekt/index.php
[Fri Apr 25 20:55:48.205952 2025] [php:warn] [pid 5904:tid 1844] [client ::1:61482] PHP Warning:  Undefined variable $gym_list in C:\\Users\\user\\Desktop\\GymProjekt\\xampp\\htdocs\\projekt\\owner_dashboard.php on line 138, referer: http://localhost/projekt/view_gym.php?gym_id=GYM67d015851dd53
[Fri Apr 25 20:55:48.205952 2025] [php:warn] [pid 5904:tid 1844] [client ::1:61482] PHP Warning:  foreach() argument must be of type array|object, null given in C:\\Users\\user\\Desktop\\GymProjekt\\xampp\\htdocs\\projekt\\owner_dashboard.php on line 138, referer: http://localhost/projekt/view_gym.php?gym_id=GYM67d015851dd53
[Fri Apr 25 20:56:07.560693 2025] [php:warn] [pid 5904:tid 1848] [client ::1:61483] PHP Warning:  Undefined variable $gym_list in C:\\Users\\user\\Desktop\\GymProjekt\\xampp\\htdocs\\projekt\\owner_dashboard.php on line 138, referer: http://localhost/projekt/view_gym.php?gym_id=GYM67d015851dd53
[Fri Apr 25 20:56:07.560693 2025] [php:warn] [pid 5904:tid 1848] [client ::1:61483] PHP Warning:  foreach() argument must be of type array|object, null given in C:\\Users\\user\\Desktop\\GymProjekt\\xampp\\htdocs\\projekt\\owner_dashboard.php on line 138, referer: http://localhost/projekt/view_gym.php?gym_id=GYM67d015851dd53
[Fri Apr 25 20:56:11.325187 2025] [php:warn] [pid 5904:tid 1848] [client ::1:61483] PHP Warning:  Undefined variable $gym_list in C:\\Users\\user\\Desktop\\GymProjekt\\xampp\\htdocs\\projekt\\owner_dashboard.php on line 138, referer: http://localhost/projekt/view_gym.php?gym_id=GYM67d015851dd53
[Fri Apr 25 20:56:11.326196 2025] [php:warn] [pid 5904:tid 1848] [client ::1:61483] PHP Warning:  foreach() argument must be of type array|object, null given in C:\\Users\\user\\Desktop\\GymProjekt\\xampp\\htdocs\\projekt\\owner_dashboard.php on line 138, referer: http://localhost/projekt/view_gym.php?gym_id=GYM67d015851dd53
[Fri Apr 25 20:56:14.830642 2025] [php:warn] [pid 5904:tid 1848] [client ::1:61483] PHP Warning:  Undefined variable $gym_list in C:\\Users\\user\\Desktop\\GymProjekt\\xampp\\htdocs\\projekt\\owner_dashboard.php on line 138, referer: http://localhost/projekt/view_gym.php?gym_id=GYM67d015851dd53
[Fri Apr 25 20:56:14.831643 2025] [php:warn] [pid 5904:tid 1848] [client ::1:61483] PHP Warning:  foreach() argument must be of type array|object, null given in C:\\Users\\user\\Desktop\\GymProjekt\\xampp\\htdocs\\projekt\\owner_dashboard.php on line 138, referer: http://localhost/projekt/view_gym.php?gym_id=GYM67d015851dd53
[Fri Apr 25 20:56:29.041470 2025] [php:warn] [pid 5904:tid 1844] [client ::1:61517] PHP Warning:  Undefined variable $gym_list in C:\\Users\\user\\Desktop\\GymProjekt\\xampp\\htdocs\\projekt\\owner_dashboard.php on line 138, referer: http://localhost/projekt/view_gym.php?gym_id=GYM67d015851dd53
[Fri Apr 25 20:56:29.042470 2025] [php:warn] [pid 5904:tid 1844] [client ::1:61517] PHP Warning:  foreach() argument must be of type array|object, null given in C:\\Users\\user\\Desktop\\GymProjekt\\xampp\\htdocs\\projekt\\owner_dashboard.php on line 138, referer: http://localhost/projekt/view_gym.php?gym_id=GYM67d015851dd53
[Fri Apr 25 20:56:34.249151 2025] [php:warn] [pid 5904:tid 1844] [client ::1:61517] PHP Warning:  Undefined variable $gym_list in C:\\Users\\user\\Desktop\\GymProjekt\\xampp\\htdocs\\projekt\\owner_dashboard.php on line 138, referer: http://localhost/projekt/view_gym.php?gym_id=GYM67d015851dd53
[Fri Apr 25 20:56:34.249151 2025] [php:warn] [pid 5904:tid 1844] [client ::1:61517] PHP Warning:  foreach() argument must be of type array|object, null given in C:\\Users\\user\\Desktop\\GymProjekt\\xampp\\htdocs\\projekt\\owner_dashboard.php on line 138, referer: http://localhost/projekt/view_gym.php?gym_id=GYM67d015851dd53
[Fri Apr 25 21:08:03.677857 2025] [php:warn] [pid 5904:tid 1848] [client ::1:61903] PHP Warning:  Undefined variable $gym_list in C:\\Users\\user\\Desktop\\GymProjekt\\xampp\\htdocs\\projekt\\owner_dashboard.php on line 138, referer: http://localhost/projekt/index.php
[Fri Apr 25 21:08:03.677857 2025] [php:warn] [pid 5904:tid 1848] [client ::1:61903] PHP Warning:  foreach() argument must be of type array|object, null given in C:\\Users\\user\\Desktop\\GymProjekt\\xampp\\htdocs\\projekt\\owner_dashboard.php on line 138, referer: http://localhost/projekt/index.php
[Fri Apr 25 21:11:00.900855 2025] [php:error] [pid 5904:tid 1848] [client ::1:61997] PHP Fatal error:  Uncaught Error: Call to a member function bind_param() on bool in C:\\Users\\user\\Desktop\\GymProjekt\\xampp\\htdocs\\projekt\\purchase_membership.php:42\nStack trace:\n#0 {main}\n  thrown in C:\\Users\\user\\Desktop\\GymProjekt\\xampp\\htdocs\\projekt\\purchase_membership.php on line 42, referer: http://localhost/projekt/purchase_membership.php?gym_id=GYM67d01bdb2af4c
[Fri Apr 25 21:12:09.127173 2025] [php:error] [pid 5904:tid 1844] [client ::1:62016] PHP Fatal error:  Uncaught Error: Call to a member function bind_param() on bool in C:\\Users\\user\\Desktop\\GymProjekt\\xampp\\htdocs\\projekt\\purchase_membership.php:42\nStack trace:\n#0 {main}\n  thrown in C:\\Users\\user\\Desktop\\GymProjekt\\xampp\\htdocs\\projekt\\purchase_membership.php on line 42, referer: http://localhost/projekt/purchase_membership.php?gym_id=GYM67d00650889e2
[Sat Apr 26 10:30:00.104987 2025] [ssl:warn] [pid 9864:tid 448] AH01909: www.example.com:443:0 server certificate does NOT include an ID which matches the server name
[Sat Apr 26 10:30:00.156546 2025] [core:warn] [pid 9864:tid 448] AH00098: pid file C:/Users/user/Desktop/GymProjekt/xampp/apache/logs/httpd.pid overwritten -- Unclean shutdown of previous Apache run?
[Sat Apr 26 10:30:00.159549 2025] [ssl:warn] [pid 9864:tid 448] AH01909: www.example.com:443:0 server certificate does NOT include an ID which matches the server name
[Sat Apr 26 10:30:00.507081 2025] [mpm_winnt:notice] [pid 9864:tid 448] AH00455: Apache/2.4.58 (Win64) OpenSSL/3.1.3 PHP/8.0.30 configured -- resuming normal operations
[Sat Apr 26 10:30:00.507081 2025] [mpm_winnt:notice] [pid 9864:tid 448] AH00456: Apache Lounge VS17 Server built: Oct 18 2023 13:03:18
[Sat Apr 26 10:30:00.508081 2025] [core:notice] [pid 9864:tid 448] AH00094: Command line: 'c:\\users\\user\\desktop\\gymprojekt\\xampp\\apache\\bin\\httpd.exe -d C:/Users/user/Desktop/GymProjekt/xampp/apache'
[Sat Apr 26 10:30:00.511085 2025] [mpm_winnt:notice] [pid 9864:tid 448] AH00418: Parent: Created child process 9156
[Sat Apr 26 10:30:00.951676 2025] [ssl:warn] [pid 9156:tid 428] AH01909: www.example.com:443:0 server certificate does NOT include an ID which matches the server name
[Sat Apr 26 10:30:01.001742 2025] [ssl:warn] [pid 9156:tid 428] AH01909: www.example.com:443:0 server certificate does NOT include an ID which matches the server name
[Sat Apr 26 10:30:01.027766 2025] [mpm_winnt:notice] [pid 9156:tid 428] AH00354: Child: Starting 150 worker threads.
[Sat Apr 26 11:54:26.005698 2025] [php:warn] [pid 9156:tid 1848] [client ::1:53698] PHP Warning:  Undefined variable $gym_list in C:\\Users\\user\\Desktop\\GymProjekt\\xampp\\htdocs\\projekt\\owner_dashboard.php on line 117, referer: http://localhost/projekt/index.php
[Sat Apr 26 11:54:26.006410 2025] [php:warn] [pid 9156:tid 1848] [client ::1:53698] PHP Warning:  foreach() argument must be of type array|object, null given in C:\\Users\\user\\Desktop\\GymProjekt\\xampp\\htdocs\\projekt\\owner_dashboard.php on line 117, referer: http://localhost/projekt/index.php
[Sat Apr 26 11:54:37.872881 2025] [php:warn] [pid 9156:tid 1868] [client ::1:53700] PHP Warning:  Undefined variable $gym_list in C:\\Users\\user\\Desktop\\GymProjekt\\xampp\\htdocs\\projekt\\owner_dashboard.php on line 117, referer: http://localhost/projekt/index.php
[Sat Apr 26 11:54:37.872881 2025] [php:warn] [pid 9156:tid 1868] [client ::1:53700] PHP Warning:  foreach() argument must be of type array|object, null given in C:\\Users\\user\\Desktop\\GymProjekt\\xampp\\htdocs\\projekt\\owner_dashboard.php on line 117, referer: http://localhost/projekt/index.php
[Sat Apr 26 11:54:53.034784 2025] [php:warn] [pid 9156:tid 1848] [client ::1:53708] PHP Warning:  Undefined variable $gym_list in C:\\Users\\user\\Desktop\\GymProjekt\\xampp\\htdocs\\projekt\\owner_dashboard.php on line 117, referer: http://localhost/projekt/owner_dashboard.php
[Sat Apr 26 11:54:53.035785 2025] [php:warn] [pid 9156:tid 1848] [client ::1:53708] PHP Warning:  foreach() argument must be of type array|object, null given in C:\\Users\\user\\Desktop\\GymProjekt\\xampp\\htdocs\\projekt\\owner_dashboard.php on line 117, referer: http://localhost/projekt/owner_dashboard.php
[Sat Apr 26 11:55:02.470963 2025] [php:warn] [pid 9156:tid 1848] [client ::1:53708] PHP Warning:  Undefined variable $gym_list in C:\\Users\\user\\Desktop\\GymProjekt\\xampp\\htdocs\\projekt\\owner_dashboard.php on line 117, referer: http://localhost/projekt/index.php
[Sat Apr 26 11:55:02.470963 2025] [php:warn] [pid 9156:tid 1848] [client ::1:53708] PHP Warning:  foreach() argument must be of type array|object, null given in C:\\Users\\user\\Desktop\\GymProjekt\\xampp\\htdocs\\projekt\\owner_dashboard.php on line 117, referer: http://localhost/projekt/index.php
[Sat Apr 26 11:55:10.573515 2025] [php:warn] [pid 9156:tid 1848] [client ::1:53708] PHP Warning:  Undefined variable $gym_list in C:\\Users\\user\\Desktop\\GymProjekt\\xampp\\htdocs\\projekt\\owner_dashboard.php on line 117, referer: http://localhost/projekt/view_trainer.php?trainer_id=T680cad6d0697d
[Sat Apr 26 11:55:10.573515 2025] [php:warn] [pid 9156:tid 1848] [client ::1:53708] PHP Warning:  foreach() argument must be of type array|object, null given in C:\\Users\\user\\Desktop\\GymProjekt\\xampp\\htdocs\\projekt\\owner_dashboard.php on line 117, referer: http://localhost/projekt/view_trainer.php?trainer_id=T680cad6d0697d
[Sat Apr 26 11:55:42.203149 2025] [php:warn] [pid 9156:tid 1868] [client ::1:53721] PHP Warning:  Undefined variable $gym_list in C:\\Users\\user\\Desktop\\GymProjekt\\xampp\\htdocs\\projekt\\owner_dashboard.php on line 117, referer: http://localhost/projekt/gyms.php
[Sat Apr 26 11:55:42.203149 2025] [php:warn] [pid 9156:tid 1868] [client ::1:53721] PHP Warning:  foreach() argument must be of type array|object, null given in C:\\Users\\user\\Desktop\\GymProjekt\\xampp\\htdocs\\projekt\\owner_dashboard.php on line 117, referer: http://localhost/projekt/gyms.php
[Sat Apr 26 11:55:47.426183 2025] [php:warn] [pid 9156:tid 1868] [client ::1:53721] PHP Warning:  Undefined variable $gym_list in C:\\Users\\user\\Desktop\\GymProjekt\\xampp\\htdocs\\projekt\\owner_dashboard.php on line 117, referer: http://localhost/projekt/view_trainer.php?trainer_id=T680cad6d0697d
[Sat Apr 26 11:55:47.426183 2025] [php:warn] [pid 9156:tid 1868] [client ::1:53721] PHP Warning:  foreach() argument must be of type array|object, null given in C:\\Users\\user\\Desktop\\GymProjekt\\xampp\\htdocs\\projekt\\owner_dashboard.php on line 117, referer: http://localhost/projekt/view_trainer.php?trainer_id=T680cad6d0697d
[Sat Apr 26 11:56:06.727039 2025] [php:warn] [pid 9156:tid 1848] [client ::1:53745] PHP Warning:  Undefined variable $gym_list in C:\\Users\\user\\Desktop\\GymProjekt\\xampp\\htdocs\\projekt\\owner_dashboard.php on line 116, referer: http://localhost/projekt/view_trainer.php?trainer_id=T67d177f7ea8d0
[Sat Apr 26 11:56:06.727039 2025] [php:warn] [pid 9156:tid 1848] [client ::1:53745] PHP Warning:  foreach() argument must be of type array|object, null given in C:\\Users\\user\\Desktop\\GymProjekt\\xampp\\htdocs\\projekt\\owner_dashboard.php on line 116, referer: http://localhost/projekt/view_trainer.php?trainer_id=T67d177f7ea8d0
[Sat Apr 26 11:56:11.328954 2025] [php:warn] [pid 9156:tid 1848] [client ::1:53745] PHP Warning:  Undefined variable $gym_list in C:\\Users\\user\\Desktop\\GymProjekt\\xampp\\htdocs\\projekt\\owner_dashboard.php on line 116, referer: http://localhost/projekt/view_trainer.php?trainer_id=T67d177f7ea8d0
[Sat Apr 26 11:56:11.329954 2025] [php:warn] [pid 9156:tid 1848] [client ::1:53745] PHP Warning:  foreach() argument must be of type array|object, null given in C:\\Users\\user\\Desktop\\GymProjekt\\xampp\\htdocs\\projekt\\owner_dashboard.php on line 116, referer: http://localhost/projekt/view_trainer.php?trainer_id=T67d177f7ea8d0
[Sat Apr 26 17:53:05.324249 2025] [ssl:warn] [pid 2748:tid 424] AH01909: www.example.com:443:0 server certificate does NOT include an ID which matches the server name
[Sat Apr 26 17:53:05.395316 2025] [core:warn] [pid 2748:tid 424] AH00098: pid file C:/Users/user/Desktop/GymProjekt/xampp/apache/logs/httpd.pid overwritten -- Unclean shutdown of previous Apache run?
[Sat Apr 26 17:53:05.399319 2025] [ssl:warn] [pid 2748:tid 424] AH01909: www.example.com:443:0 server certificate does NOT include an ID which matches the server name
[Sat Apr 26 17:53:05.853861 2025] [mpm_winnt:notice] [pid 2748:tid 424] AH00455: Apache/2.4.58 (Win64) OpenSSL/3.1.3 PHP/8.0.30 configured -- resuming normal operations
[Sat Apr 26 17:53:05.853861 2025] [mpm_winnt:notice] [pid 2748:tid 424] AH00456: Apache Lounge VS17 Server built: Oct 18 2023 13:03:18
[Sat Apr 26 17:53:05.853861 2025] [core:notice] [pid 2748:tid 424] AH00094: Command line: 'c:\\users\\user\\desktop\\gymprojekt\\xampp\\apache\\bin\\httpd.exe -d C:/Users/user/Desktop/GymProjekt/xampp/apache'
[Sat Apr 26 17:53:05.857864 2025] [mpm_winnt:notice] [pid 2748:tid 424] AH00418: Parent: Created child process 22728
[Sat Apr 26 17:53:06.478852 2025] [ssl:warn] [pid 22728:tid 428] AH01909: www.example.com:443:0 server certificate does NOT include an ID which matches the server name
[Sat Apr 26 17:53:06.538910 2025] [ssl:warn] [pid 22728:tid 428] AH01909: www.example.com:443:0 server certificate does NOT include an ID which matches the server name
[Sat Apr 26 17:53:06.567936 2025] [mpm_winnt:notice] [pid 22728:tid 428] AH00354: Child: Starting 150 worker threads.
[Sat Apr 26 19:32:01.724215 2025] [ssl:warn] [pid 25340:tid 428] AH01909: www.example.com:443:0 server certificate does NOT include an ID which matches the server name
[Sat Apr 26 19:32:01.808801 2025] [core:warn] [pid 25340:tid 428] AH00098: pid file C:/Users/user/Desktop/GymProjekt/xampp/apache/logs/httpd.pid overwritten -- Unclean shutdown of previous Apache run?
[Sat Apr 26 19:32:01.812805 2025] [ssl:warn] [pid 25340:tid 428] AH01909: www.example.com:443:0 server certificate does NOT include an ID which matches the server name
[Sat Apr 26 19:32:01.849839 2025] [mpm_winnt:notice] [pid 25340:tid 428] AH00455: Apache/2.4.58 (Win64) OpenSSL/3.1.3 PHP/8.0.30 configured -- resuming normal operations
[Sat Apr 26 19:32:01.849839 2025] [mpm_winnt:notice] [pid 25340:tid 428] AH00456: Apache Lounge VS17 Server built: Oct 18 2023 13:03:18
[Sat Apr 26 19:32:01.849839 2025] [core:notice] [pid 25340:tid 428] AH00094: Command line: 'c:\\users\\user\\desktop\\gymprojekt\\xampp\\apache\\bin\\httpd.exe -d C:/Users/user/Desktop/GymProjekt/xampp/apache'
[Sat Apr 26 19:32:01.856846 2025] [mpm_winnt:notice] [pid 25340:tid 428] AH00418: Parent: Created child process 22744
[Sat Apr 26 19:32:02.483224 2025] [ssl:warn] [pid 22744:tid 464] AH01909: www.example.com:443:0 server certificate does NOT include an ID which matches the server name
[Sat Apr 26 19:32:02.556290 2025] [ssl:warn] [pid 22744:tid 464] AH01909: www.example.com:443:0 server certificate does NOT include an ID which matches the server name
[Sat Apr 26 19:32:02.589320 2025] [mpm_winnt:notice] [pid 22744:tid 464] AH00354: Child: Starting 150 worker threads.
[Sat Apr 26 20:01:05.411047 2025] [mpm_winnt:crit] [pid 22744:tid 464] AH02538: Child: Parent process exited abruptly. Child process is ending
[Sat Apr 26 20:57:40.499471 2025] [ssl:warn] [pid 2732:tid 428] AH01909: www.example.com:443:0 server certificate does NOT include an ID which matches the server name
[Sat Apr 26 20:57:40.561279 2025] [core:warn] [pid 2732:tid 428] AH00098: pid file C:/Users/user/Desktop/GymProjekt/xampp/apache/logs/httpd.pid overwritten -- Unclean shutdown of previous Apache run?
[Sat Apr 26 20:57:40.564282 2025] [ssl:warn] [pid 2732:tid 428] AH01909: www.example.com:443:0 server certificate does NOT include an ID which matches the server name
[Sat Apr 26 20:57:40.596311 2025] [mpm_winnt:notice] [pid 2732:tid 428] AH00455: Apache/2.4.58 (Win64) OpenSSL/3.1.3 PHP/8.0.30 configured -- resuming normal operations
[Sat Apr 26 20:57:40.596311 2025] [mpm_winnt:notice] [pid 2732:tid 428] AH00456: Apache Lounge VS17 Server built: Oct 18 2023 13:03:18
[Sat Apr 26 20:57:40.596311 2025] [core:notice] [pid 2732:tid 428] AH00094: Command line: 'c:\\users\\user\\desktop\\gymprojekt\\xampp\\apache\\bin\\httpd.exe -d C:/Users/user/Desktop/GymProjekt/xampp/apache'
[Sat Apr 26 20:57:40.600315 2025] [mpm_winnt:notice] [pid 2732:tid 428] AH00418: Parent: Created child process 3788
[Sat Apr 26 20:57:41.042432 2025] [ssl:warn] [pid 3788:tid 448] AH01909: www.example.com:443:0 server certificate does NOT include an ID which matches the server name
[Sat Apr 26 20:57:41.100992 2025] [ssl:warn] [pid 3788:tid 448] AH01909: www.example.com:443:0 server certificate does NOT include an ID which matches the server name
[Sat Apr 26 20:57:41.131527 2025] [mpm_winnt:notice] [pid 3788:tid 448] AH00354: Child: Starting 150 worker threads.
[Sat Apr 26 20:58:04.837090 2025] [php:warn] [pid 3788:tid 1848] [client ::1:51731] PHP Warning:  Undefined variable $gym_list in C:\\Users\\user\\Desktop\\GymProjekt\\xampp\\htdocs\\projekt\\owner_dashboard.php on line 116, referer: http://localhost/projekt/index.php
[Sat Apr 26 20:58:04.837090 2025] [php:warn] [pid 3788:tid 1848] [client ::1:51731] PHP Warning:  foreach() argument must be of type array|object, null given in C:\\Users\\user\\Desktop\\GymProjekt\\xampp\\htdocs\\projekt\\owner_dashboard.php on line 116, referer: http://localhost/projekt/index.php
[Sat Apr 26 20:58:12.032351 2025] [php:warn] [pid 3788:tid 1836] [client ::1:51756] PHP Warning:  Undefined variable $gym_list in C:\\Users\\user\\Desktop\\GymProjekt\\xampp\\htdocs\\projekt\\owner_dashboard.php on line 116, referer: http://localhost/projekt/owner_dashboard.php
[Sat Apr 26 20:58:12.032351 2025] [php:warn] [pid 3788:tid 1836] [client ::1:51756] PHP Warning:  foreach() argument must be of type array|object, null given in C:\\Users\\user\\Desktop\\GymProjekt\\xampp\\htdocs\\projekt\\owner_dashboard.php on line 116, referer: http://localhost/projekt/owner_dashboard.php
[Sat Apr 26 20:58:15.965530 2025] [php:warn] [pid 3788:tid 1836] [client ::1:51756] PHP Warning:  Undefined variable $gym_list in C:\\Users\\user\\Desktop\\GymProjekt\\xampp\\htdocs\\projekt\\owner_dashboard.php on line 116, referer: http://localhost/projekt/view_gym.php?gym_id=G68024efb6c5d4
[Sat Apr 26 20:58:15.965530 2025] [php:warn] [pid 3788:tid 1836] [client ::1:51756] PHP Warning:  foreach() argument must be of type array|object, null given in C:\\Users\\user\\Desktop\\GymProjekt\\xampp\\htdocs\\projekt\\owner_dashboard.php on line 116, referer: http://localhost/projekt/view_gym.php?gym_id=G68024efb6c5d4
[Sat Apr 26 22:40:22.050838 2025] [php:warn] [pid 3788:tid 1868] [client ::1:54869] PHP Warning:  Undefined variable $gym_list in C:\\Users\\user\\Desktop\\GymProjekt\\xampp\\htdocs\\projekt\\owner_dashboard.php on line 116, referer: http://localhost/projekt/index.php
[Sat Apr 26 22:40:22.051839 2025] [php:warn] [pid 3788:tid 1868] [client ::1:54869] PHP Warning:  foreach() argument must be of type array|object, null given in C:\\Users\\user\\Desktop\\GymProjekt\\xampp\\htdocs\\projekt\\owner_dashboard.php on line 116, referer: http://localhost/projekt/index.php
[Sat Apr 26 22:40:37.960834 2025] [php:warn] [pid 3788:tid 1844] [client ::1:54908] PHP Warning:  Undefined variable $gym_list in C:\\Users\\user\\Desktop\\GymProjekt\\xampp\\htdocs\\projekt\\owner_dashboard.php on line 116, referer: http://localhost/projekt/owner_dashboard.php
[Sat Apr 26 22:40:37.961833 2025] [php:warn] [pid 3788:tid 1844] [client ::1:54908] PHP Warning:  foreach() argument must be of type array|object, null given in C:\\Users\\user\\Desktop\\GymProjekt\\xampp\\htdocs\\projekt\\owner_dashboard.php on line 116, referer: http://localhost/projekt/owner_dashboard.php
[Sat Apr 26 22:40:46.393265 2025] [php:warn] [pid 3788:tid 1868] [client ::1:54909] PHP Warning:  Undefined variable $gym_list in C:\\Users\\user\\Desktop\\GymProjekt\\xampp\\htdocs\\projekt\\owner_dashboard.php on line 116, referer: http://localhost/projekt/view_trainer.php?trainer_id=T680d44c5e8b90
[Sat Apr 26 22:40:46.393265 2025] [php:warn] [pid 3788:tid 1868] [client ::1:54909] PHP Warning:  foreach() argument must be of type array|object, null given in C:\\Users\\user\\Desktop\\GymProjekt\\xampp\\htdocs\\projekt\\owner_dashboard.php on line 116, referer: http://localhost/projekt/view_trainer.php?trainer_id=T680d44c5e8b90
[Sun Apr 27 15:18:35.157641 2025] [ssl:warn] [pid 23912:tid 472] AH01909: www.example.com:443:0 server certificate does NOT include an ID which matches the server name
[Sun Apr 27 15:18:35.210700 2025] [core:warn] [pid 23912:tid 472] AH00098: pid file C:/Users/user/Desktop/GymProjekt/GymProjekt/xampp/apache/logs/httpd.pid overwritten -- Unclean shutdown of previous Apache run?
[Sun Apr 27 15:18:35.213703 2025] [ssl:warn] [pid 23912:tid 472] AH01909: www.example.com:443:0 server certificate does NOT include an ID which matches the server name
[Sun Apr 27 15:18:35.243730 2025] [mpm_winnt:notice] [pid 23912:tid 472] AH00455: Apache/2.4.58 (Win64) OpenSSL/3.1.3 PHP/8.0.30 configured -- resuming normal operations
[Sun Apr 27 15:18:35.243730 2025] [mpm_winnt:notice] [pid 23912:tid 472] AH00456: Apache Lounge VS17 Server built: Oct 18 2023 13:03:18
[Sun Apr 27 15:18:35.243730 2025] [core:notice] [pid 23912:tid 472] AH00094: Command line: 'c:\\users\\user\\desktop\\gymprojekt\\gymprojekt\\xampp\\apache\\bin\\httpd.exe -d C:/Users/user/Desktop/GymProjekt/GymProjekt/xampp/apache'
[Sun Apr 27 15:18:35.246734 2025] [mpm_winnt:notice] [pid 23912:tid 472] AH00418: Parent: Created child process 24056
[Sun Apr 27 15:18:35.659624 2025] [ssl:warn] [pid 24056:tid 428] AH01909: www.example.com:443:0 server certificate does NOT include an ID which matches the server name
[Sun Apr 27 15:18:35.708668 2025] [ssl:warn] [pid 24056:tid 428] AH01909: www.example.com:443:0 server certificate does NOT include an ID which matches the server name
[Sun Apr 27 15:18:35.731688 2025] [mpm_winnt:notice] [pid 24056:tid 428] AH00354: Child: Starting 150 worker threads.
[Sun Apr 27 15:19:06.303976 2025] [php:warn] [pid 24056:tid 1864] [client ::1:52400] PHP Warning:  Undefined variable $gym_list in C:\\Users\\user\\Desktop\\GymProjekt\\GymProjekt\\xampp\\htdocs\\projekt\\owner_dashboard.php on line 116, referer: http://localhost/projekt/index.php
[Sun Apr 27 15:19:06.303976 2025] [php:warn] [pid 24056:tid 1864] [client ::1:52400] PHP Warning:  foreach() argument must be of type array|object, null given in C:\\Users\\user\\Desktop\\GymProjekt\\GymProjekt\\xampp\\htdocs\\projekt\\owner_dashboard.php on line 116, referer: http://localhost/projekt/index.php
[Sun Apr 27 15:33:37.095144 2025] [mpm_winnt:crit] [pid 24056:tid 428] AH02538: Child: Parent process exited abruptly. Child process is ending
[Sun Apr 27 16:40:50.064057 2025] [ssl:warn] [pid 18060:tid 460] AH01909: www.example.com:443:0 server certificate does NOT include an ID which matches the server name
[Sun Apr 27 16:40:50.112072 2025] [core:warn] [pid 18060:tid 460] AH00098: pid file C:/Users/user/Desktop/GymProjekt/GymProjekt/xampp/apache/logs/httpd.pid overwritten -- Unclean shutdown of previous Apache run?
[Sun Apr 27 16:40:50.115075 2025] [ssl:warn] [pid 18060:tid 460] AH01909: www.example.com:443:0 server certificate does NOT include an ID which matches the server name
[Sun Apr 27 16:40:50.138096 2025] [mpm_winnt:notice] [pid 18060:tid 460] AH00455: Apache/2.4.58 (Win64) OpenSSL/3.1.3 PHP/8.0.30 configured -- resuming normal operations
[Sun Apr 27 16:40:50.138096 2025] [mpm_winnt:notice] [pid 18060:tid 460] AH00456: Apache Lounge VS17 Server built: Oct 18 2023 13:03:18
[Sun Apr 27 16:40:50.138096 2025] [core:notice] [pid 18060:tid 460] AH00094: Command line: 'c:\\users\\user\\desktop\\gymprojekt\\gymprojekt\\xampp\\apache\\bin\\httpd.exe -d C:/Users/user/Desktop/GymProjekt/GymProjekt/xampp/apache'
[Sun Apr 27 16:40:50.141099 2025] [mpm_winnt:notice] [pid 18060:tid 460] AH00418: Parent: Created child process 26640
[Sun Apr 27 16:40:50.630930 2025] [ssl:warn] [pid 26640:tid 480] AH01909: www.example.com:443:0 server certificate does NOT include an ID which matches the server name
[Sun Apr 27 16:40:50.677973 2025] [ssl:warn] [pid 26640:tid 480] AH01909: www.example.com:443:0 server certificate does NOT include an ID which matches the server name
[Sun Apr 27 16:40:50.700994 2025] [mpm_winnt:notice] [pid 26640:tid 480] AH00354: Child: Starting 150 worker threads.
[Sun Apr 27 16:46:51.127496 2025] [php:warn] [pid 26640:tid 1852] [client ::1:54986] PHP Warning:  Undefined variable $gym_list in C:\\Users\\user\\Desktop\\GymProjekt\\GymProjekt\\xampp\\htdocs\\projekt\\owner_dashboard.php on line 116, referer: http://localhost/projekt/index.php
[Sun Apr 27 16:46:51.127496 2025] [php:warn] [pid 26640:tid 1852] [client ::1:54986] PHP Warning:  foreach() argument must be of type array|object, null given in C:\\Users\\user\\Desktop\\GymProjekt\\GymProjekt\\xampp\\htdocs\\projekt\\owner_dashboard.php on line 116, referer: http://localhost/projekt/index.php
[Sun Apr 27 16:57:51.613158 2025] [ssl:warn] [pid 12212:tid 460] AH01909: www.example.com:443:0 server certificate does NOT include an ID which matches the server name
[Sun Apr 27 16:57:51.661030 2025] [core:warn] [pid 12212:tid 460] AH00098: pid file C:/Users/user/Desktop/GymProjekt/GymProjekt/xampp/apache/logs/httpd.pid overwritten -- Unclean shutdown of previous Apache run?
[Sun Apr 27 16:57:51.664034 2025] [ssl:warn] [pid 12212:tid 460] AH01909: www.example.com:443:0 server certificate does NOT include an ID which matches the server name
[Sun Apr 27 16:57:51.684054 2025] [mpm_winnt:notice] [pid 12212:tid 460] AH00455: Apache/2.4.58 (Win64) OpenSSL/3.1.3 PHP/8.0.30 configured -- resuming normal operations
[Sun Apr 27 16:57:51.684054 2025] [mpm_winnt:notice] [pid 12212:tid 460] AH00456: Apache Lounge VS17 Server built: Oct 18 2023 13:03:18
[Sun Apr 27 16:57:51.684054 2025] [core:notice] [pid 12212:tid 460] AH00094: Command line: 'c:\\users\\user\\desktop\\gymprojekt\\gymprojekt\\xampp\\apache\\bin\\httpd.exe -d C:/Users/user/Desktop/GymProjekt/GymProjekt/xampp/apache'
[Sun Apr 27 16:57:51.687057 2025] [mpm_winnt:notice] [pid 12212:tid 460] AH00418: Parent: Created child process 4884
[Sun Apr 27 16:57:52.242076 2025] [ssl:warn] [pid 4884:tid 472] AH01909: www.example.com:443:0 server certificate does NOT include an ID which matches the server name
[Sun Apr 27 16:57:52.294124 2025] [ssl:warn] [pid 4884:tid 472] AH01909: www.example.com:443:0 server certificate does NOT include an ID which matches the server name
[Sun Apr 27 16:57:52.318145 2025] [mpm_winnt:notice] [pid 4884:tid 472] AH00354: Child: Starting 150 worker threads.
[Sun Apr 27 17:54:56.489917 2025] [php:warn] [pid 4884:tid 1864] [client ::1:57219] PHP Warning:  Undefined variable $gym_list in C:\\Users\\user\\Desktop\\GymProjekt\\GymProjekt\\xampp\\htdocs\\projekt\\owner_dashboard.php on line 116, referer: http://localhost/projekt/index.php
[Sun Apr 27 17:54:56.489917 2025] [php:warn] [pid 4884:tid 1864] [client ::1:57219] PHP Warning:  foreach() argument must be of type array|object, null given in C:\\Users\\user\\Desktop\\GymProjekt\\GymProjekt\\xampp\\htdocs\\projekt\\owner_dashboard.php on line 116, referer: http://localhost/projekt/index.php
[Sun Apr 27 18:04:57.783748 2025] [php:warn] [pid 4884:tid 1860] [client ::1:57487] PHP Warning:  Undefined variable $gym_list in C:\\Users\\user\\Desktop\\GymProjekt\\GymProjekt\\xampp\\htdocs\\projekt\\owner_dashboard.php on line 116, referer: http://localhost/projekt/index.php
[Sun Apr 27 18:04:57.783748 2025] [php:warn] [pid 4884:tid 1860] [client ::1:57487] PHP Warning:  foreach() argument must be of type array|object, null given in C:\\Users\\user\\Desktop\\GymProjekt\\GymProjekt\\xampp\\htdocs\\projekt\\owner_dashboard.php on line 116, referer: http://localhost/projekt/index.php
